id,offer,price,ts
1,1,5987.35,2025-09-04 12:01:27
2,1,5922.59,2025-09-05 12:01:27
3,1,5957.55,2025-09-06 12:01:27
4,1,5845.78,2025-09-07 12:01:27
5,1,5832.67,2025-09-08 12:01:27
6,1,5952.28,2025-09-09 12:01:27
7,1,5787.92,2025-09-10 12:01:27
8,2,5990.99,2025-09-04 12:01:27
9,2,6145.69,2025-09-05 12:01:27
10,2,6034.50,2025-09-06 12:01:27
11,2,5990.09,2025-09-07 12:01:27
12,2,5933.96,2025-09-08 12:01:27
13,2,5954.51,2025-09-09 12:01:27
14,2,6027.53,2025-09-10 12:01:27
15,3,5763.31,2025-09-04 12:01:27
16,3,5642.96,2025-09-05 12:01:27
17,3,5482.25,2025-09-06 12:01:27
18,3,5526.03,2025-09-07 12:01:27
19,3,5521.72,2025-09-08 12:01:27
20,3,5408.74,2025-09-09 12:01:27
21,3,5570.59,2025-09-10 12:01:27
22,4,4879.84,2025-09-04 12:01:27
23,4,4756.97,2025-09-05 12:01:27
24,4,4811.12,2025-09-06 12:01:27
25,4,4705.73,2025-09-07 12:01:27
26,4,4630.99,2025-09-08 12:01:27
27,4,4619.61,2025-09-09 12:01:27
28,4,4694.83,2025-09-10 12:01:27
29,5,4825.79,2025-09-04 12:01:27
30,5,4878.75,2025-09-05 12:01:27
31,5,4795.94,2025-09-06 12:01:27
32,5,4787.91,2025-09-07 12:01:27
33,5,4828.86,2025-09-08 12:01:27
34,5,4958.08,2025-09-09 12:01:27
35,5,4949.92,2025-09-10 12:01:27
36,6,4574.21,2025-09-04 12:01:27
37,6,4671.72,2025-09-05 12:01:27
38,6,4761.86,2025-09-06 12:01:27
39,6,4850.42,2025-09-07 12:01:27
40,6,4794.42,2025-09-08 12:01:27
41,6,4927.84,2025-09-09 12:01:27
42,6,5016.26,2025-09-10 12:01:27
43,7,6299.96,2025-09-04 12:01:27
44,7,6454.51,2025-09-05 12:01:27
45,7,6624.70,2025-09-06 12:01:27
46,7,6809.42,2025-09-07 12:01:27
47,7,6830.71,2025-09-08 12:01:27
48,7,6977.12,2025-09-09 12:01:27
49,7,7026.76,2025-09-10 12:01:27
50,8,6644.01,2025-09-04 12:01:27
51,8,6556.59,2025-09-05 12:01:27
52,8,6536.47,2025-09-06 12:01:27
53,8,6668.57,2025-09-07 12:01:27
54,8,6587.03,2025-09-08 12:01:27
55,8,6657.32,2025-09-09 12:01:27
56,8,6485.80,2025-09-10 12:01:27
57,9,5954.15,2025-09-04 12:01:27
58,9,5952.22,2025-09-05 12:01:27
59,9,6096.62,2025-09-06 12:01:27
60,9,6274.34,2025-09-07 12:01:27
61,9,6241.36,2025-09-08 12:01:27
62,9,6105.84,2025-09-09 12:01:27
63,9,6254.00,2025-09-10 12:01:27
64,10,2125.99,2025-09-04 12:01:27
65,10,2132.89,2025-09-05 12:01:27
66,10,2106.07,2025-09-06 12:01:27
67,10,2056.93,2025-09-07 12:01:27
68,10,2018.01,2025-09-08 12:01:27
69,10,2058.26,2025-09-09 12:01:27
70,10,2060.84,2025-09-10 12:01:27
71,11,1864.35,2025-09-04 12:01:27
72,11,1814.07,2025-09-05 12:01:27
73,11,1811.01,2025-09-06 12:01:27
74,11,1783.35,2025-09-07 12:01:27
75,11,1819.90,2025-09-08 12:01:27
76,11,1863.05,2025-09-09 12:01:27
77,11,1849.54,2025-09-10 12:01:27
78,12,1957.35,2025-09-04 12:01:27
79,12,2000.91,2025-09-05 12:01:27
80,12,2002.92,2025-09-06 12:01:27
81,12,1946.18,2025-09-07 12:01:27
82,12,1921.60,2025-09-08 12:01:27
83,12,1944.00,2025-09-09 12:01:27
84,12,1925.74,2025-09-10 12:01:27
85,13,736.46,2025-09-04 12:01:27
86,13,718.73,2025-09-05 12:01:27
87,13,734.80,2025-09-06 12:01:27
88,13,725.42,2025-09-07 12:01:27
89,13,725.83,2025-09-08 12:01:27
90,13,741.40,2025-09-09 12:01:27
91,13,726.41,2025-09-10 12:01:27
92,14,729.68,2025-09-04 12:01:27
93,14,749.77,2025-09-05 12:01:27
94,14,733.12,2025-09-06 12:01:27
95,14,728.81,2025-09-07 12:01:27
96,14,707.62,2025-09-08 12:01:27
97,14,710.59,2025-09-09 12:01:27
98,14,706.64,2025-09-10 12:01:27
99,15,797.25,2025-09-04 12:01:27
100,15,778.53,2025-09-05 12:01:27
101,15,757.47,2025-09-06 12:01:27
102,15,779.71,2025-09-07 12:01:27
103,15,765.31,2025-09-08 12:01:27
104,15,768.14,2025-09-09 12:01:27
105,15,760.21,2025-09-10 12:01:27
106,16,5423.94,2025-09-04 12:01:27
107,16,5505.13,2025-09-05 12:01:27
108,16,5576.74,2025-09-06 12:01:27
109,16,5619.50,2025-09-07 12:01:27
110,16,5687.22,2025-09-08 12:01:27
111,16,5824.07,2025-09-09 12:01:27
112,16,5878.69,2025-09-10 12:01:27
113,17,5113.07,2025-09-04 12:01:27
114,17,5183.45,2025-09-05 12:01:27
115,17,5036.59,2025-09-06 12:01:27
116,17,5107.82,2025-09-07 12:01:27
117,17,5036.92,2025-09-08 12:01:27
118,17,4914.29,2025-09-09 12:01:27
119,17,4822.31,2025-09-10 12:01:27
120,18,5045.37,2025-09-04 12:01:27
121,18,4901.98,2025-09-05 12:01:27
122,18,4997.42,2025-09-06 12:01:27
123,18,5039.89,2025-09-07 12:01:27
124,18,4936.66,2025-09-08 12:01:27
125,18,4952.15,2025-09-09 12:01:27
126,18,5057.08,2025-09-10 12:01:27
127,19,4736.57,2025-09-04 12:01:27
128,19,4706.85,2025-09-05 12:01:27
129,19,4813.00,2025-09-06 12:01:27
130,19,4907.25,2025-09-07 12:01:27
131,19,4827.53,2025-09-08 12:01:27
132,19,4949.20,2025-09-09 12:01:27
133,19,4940.93,2025-09-10 12:01:27
134,20,4978.85,2025-09-04 12:01:27
135,20,5093.45,2025-09-05 12:01:27
136,20,5064.13,2025-09-06 12:01:27
137,20,5068.56,2025-09-07 12:01:27
138,20,4998.39,2025-09-08 12:01:27
139,20,4884.45,2025-09-09 12:01:27
140,20,4918.84,2025-09-10 12:01:27
141,21,4550.35,2025-09-04 12:01:27
142,21,4446.51,2025-09-05 12:01:27
143,21,4544.38,2025-09-06 12:01:27
144,21,4450.09,2025-09-07 12:01:27
145,21,4483.11,2025-09-08 12:01:27
146,21,4361.14,2025-09-09 12:01:27
147,21,4472.38,2025-09-10 12:01:27
148,22,7129.94,2025-09-04 12:01:27
149,22,6921.37,2025-09-05 12:01:27
150,22,7121.12,2025-09-06 12:01:27
151,22,7126.95,2025-09-07 12:01:27
152,22,6928.65,2025-09-08 12:01:27
153,22,6973.38,2025-09-09 12:01:27
154,22,6898.94,2025-09-10 12:01:27
155,23,6591.08,2025-09-04 12:01:27
156,23,6650.50,2025-09-05 12:01:27
157,23,6645.88,2025-09-06 12:01:27
158,23,6817.66,2025-09-07 12:01:27
159,23,6868.79,2025-09-08 12:01:27
160,23,6721.45,2025-09-09 12:01:27
161,23,6563.94,2025-09-10 12:01:27
162,24,7198.92,2025-09-04 12:01:27
163,24,7322.89,2025-09-05 12:01:27
164,24,7507.91,2025-09-06 12:01:27
165,24,7703.38,2025-09-07 12:01:27
166,24,7703.83,2025-09-08 12:01:27
167,24,7929.62,2025-09-09 12:01:27
168,24,7915.88,2025-09-10 12:01:27
169,25,5698.22,2025-09-04 12:01:27
170,25,5664.78,2025-09-05 12:01:27
171,25,5726.57,2025-09-06 12:01:27
172,25,5626.93,2025-09-07 12:01:27
173,25,5610.97,2025-09-08 12:01:27
174,25,5517.04,2025-09-09 12:01:27
175,25,5506.09,2025-09-10 12:01:27
176,26,5801.12,2025-09-04 12:01:27
177,26,5802.34,2025-09-05 12:01:27
178,26,5852.08,2025-09-06 12:01:27
179,26,5978.66,2025-09-07 12:01:27
180,26,5941.47,2025-09-08 12:01:27
181,26,6080.39,2025-09-09 12:01:27
182,26,5940.00,2025-09-10 12:01:27
183,27,5737.90,2025-09-04 12:01:27
184,27,5819.38,2025-09-05 12:01:27
185,27,5830.50,2025-09-06 12:01:27
186,27,5813.17,2025-09-07 12:01:27
187,27,5984.19,2025-09-08 12:01:27
188,27,5954.34,2025-09-09 12:01:27
189,27,5985.20,2025-09-10 12:01:27
190,28,902.76,2025-09-04 12:01:27
191,28,918.54,2025-09-05 12:01:27
192,28,923.43,2025-09-06 12:01:27
193,28,941.21,2025-09-07 12:01:27
194,28,943.80,2025-09-08 12:01:27
195,28,919.49,2025-09-09 12:01:27
196,28,894.73,2025-09-10 12:01:27
197,29,926.94,2025-09-04 12:01:27
198,29,942.14,2025-09-05 12:01:27
199,29,928.45,2025-09-06 12:01:27
200,29,944.88,2025-09-07 12:01:27
201,29,963.85,2025-09-08 12:01:27
202,29,938.56,2025-09-09 12:01:27
203,29,960.63,2025-09-10 12:01:27
204,30,916.97,2025-09-04 12:01:27
205,30,910.32,2025-09-05 12:01:27
206,30,926.29,2025-09-06 12:01:27
207,30,932.52,2025-09-07 12:01:27
208,30,944.27,2025-09-08 12:01:27
209,30,968.03,2025-09-09 12:01:27
210,30,940.58,2025-09-10 12:01:27
211,31,8221.50,2025-09-04 12:01:27
212,31,8021.15,2025-09-05 12:01:27
213,31,8066.53,2025-09-06 12:01:27
214,31,7950.62,2025-09-07 12:01:27
215,31,7888.14,2025-09-08 12:01:27
216,31,7796.39,2025-09-09 12:01:27
217,31,7761.75,2025-09-10 12:01:27
218,32,8680.36,2025-09-04 12:01:27
219,32,8781.89,2025-09-05 12:01:27
220,32,8829.46,2025-09-06 12:01:27
221,32,8705.25,2025-09-07 12:01:27
222,32,8613.67,2025-09-08 12:01:27
223,32,8707.52,2025-09-09 12:01:27
224,32,8830.66,2025-09-10 12:01:27
225,33,8867.63,2025-09-04 12:01:27
226,33,9093.16,2025-09-05 12:01:27
227,33,9319.89,2025-09-06 12:01:27
228,33,9065.99,2025-09-07 12:01:27
229,33,8876.06,2025-09-08 12:01:27
230,33,9112.29,2025-09-09 12:01:27
231,33,9327.31,2025-09-10 12:01:27
232,34,7375.14,2025-09-04 12:01:27
233,34,7262.71,2025-09-05 12:01:27
234,34,7340.72,2025-09-06 12:01:27
235,34,7515.88,2025-09-07 12:01:27
236,34,7661.77,2025-09-08 12:01:27
237,34,7738.03,2025-09-09 12:01:27
238,34,7757.84,2025-09-10 12:01:27
239,35,7554.09,2025-09-04 12:01:27
240,35,7634.62,2025-09-05 12:01:27
241,35,7764.64,2025-09-06 12:01:27
242,35,7764.00,2025-09-07 12:01:27
243,35,7742.00,2025-09-08 12:01:27
244,35,7550.22,2025-09-09 12:01:27
245,35,7539.19,2025-09-10 12:01:27
246,36,7637.97,2025-09-04 12:01:27
247,36,7558.35,2025-09-05 12:01:27
248,36,7732.11,2025-09-06 12:01:27
249,36,7703.64,2025-09-07 12:01:27
250,36,7796.97,2025-09-08 12:01:27
251,36,7813.34,2025-09-09 12:01:27
252,36,8029.71,2025-09-10 12:01:27
253,37,6608.49,2025-09-04 12:01:27
254,37,6481.71,2025-09-05 12:01:27
255,37,6400.17,2025-09-06 12:01:27
256,37,6502.98,2025-09-07 12:01:27
257,37,6464.52,2025-09-08 12:01:27
258,37,6328.55,2025-09-09 12:01:27
259,37,6493.90,2025-09-10 12:01:27
260,38,7024.70,2025-09-04 12:01:27
261,38,7041.26,2025-09-05 12:01:27
262,38,7008.08,2025-09-06 12:01:27
263,38,7075.01,2025-09-07 12:01:27
264,38,6881.15,2025-09-08 12:01:27
265,38,6725.40,2025-09-09 12:01:27
266,38,6803.86,2025-09-10 12:01:27
267,39,7561.65,2025-09-04 12:01:27
268,39,7450.35,2025-09-05 12:01:27
269,39,7465.85,2025-09-06 12:01:27
270,39,7675.48,2025-09-07 12:01:27
271,39,7652.29,2025-09-08 12:01:27
272,39,7604.23,2025-09-09 12:01:27
273,39,7606.73,2025-09-10 12:01:27
274,40,2923.49,2025-09-04 12:01:27
275,40,2933.90,2025-09-05 12:01:27
276,40,3004.39,2025-09-06 12:01:27
277,40,2925.77,2025-09-07 12:01:27
278,40,2937.57,2025-09-08 12:01:27
279,40,2855.51,2025-09-09 12:01:27
280,40,2817.14,2025-09-10 12:01:27
281,41,2819.19,2025-09-04 12:01:27
282,41,2751.03,2025-09-05 12:01:27
283,41,2792.51,2025-09-06 12:01:27
284,41,2792.35,2025-09-07 12:01:27
285,41,2826.92,2025-09-08 12:01:27
286,41,2795.11,2025-09-09 12:01:27
287,41,2876.49,2025-09-10 12:01:27
288,42,2696.64,2025-09-04 12:01:27
289,42,2669.68,2025-09-05 12:01:27
290,42,2611.15,2025-09-06 12:01:27
291,42,2652.03,2025-09-07 12:01:27
292,42,2620.14,2025-09-08 12:01:27
293,42,2656.35,2025-09-09 12:01:27
294,42,2707.08,2025-09-10 12:01:27
295,43,5137.83,2025-09-04 12:01:27
296,43,5089.86,2025-09-05 12:01:27
297,43,5010.16,2025-09-06 12:01:27
298,43,5003.84,2025-09-07 12:01:27
299,43,5081.62,2025-09-08 12:01:27
300,43,5101.39,2025-09-09 12:01:27
301,43,5106.54,2025-09-10 12:01:27
302,44,5475.44,2025-09-04 12:01:27
303,44,5324.89,2025-09-05 12:01:27
304,44,5293.27,2025-09-06 12:01:27
305,44,5199.84,2025-09-07 12:01:27
306,44,5204.43,2025-09-08 12:01:27
307,44,5260.13,2025-09-09 12:01:27
308,44,5322.13,2025-09-10 12:01:27
309,45,5221.95,2025-09-04 12:01:27
310,45,5110.02,2025-09-05 12:01:27
311,45,5106.19,2025-09-06 12:01:27
312,45,4977.69,2025-09-07 12:01:27
313,45,5021.49,2025-09-08 12:01:27
314,45,5099.77,2025-09-09 12:01:27
315,45,5001.67,2025-09-10 12:01:27
316,46,5758.46,2025-09-04 12:01:27
317,46,5796.50,2025-09-05 12:01:27
318,46,5640.99,2025-09-06 12:01:27
319,46,5675.47,2025-09-07 12:01:27
320,46,5829.90,2025-09-08 12:01:27
321,46,5873.18,2025-09-09 12:01:27
322,46,5968.86,2025-09-10 12:01:27
323,47,5801.77,2025-09-04 12:01:27
324,47,5685.65,2025-09-05 12:01:27
325,47,5538.69,2025-09-06 12:01:27
326,47,5550.07,2025-09-07 12:01:27
327,47,5624.79,2025-09-08 12:01:27
328,47,5529.31,2025-09-09 12:01:27
329,47,5444.90,2025-09-10 12:01:27
330,48,5450.03,2025-09-04 12:01:27
331,48,5417.22,2025-09-05 12:01:27
332,48,5290.05,2025-09-06 12:01:27
333,48,5246.76,2025-09-07 12:01:27
334,48,5092.22,2025-09-08 12:01:27
335,48,5019.29,2025-09-09 12:01:27
336,48,5117.41,2025-09-10 12:01:27
337,49,6030.93,2025-09-04 12:01:27
338,49,5973.79,2025-09-05 12:01:27
339,49,6005.16,2025-09-06 12:01:27
340,49,6073.12,2025-09-07 12:01:27
341,49,6153.09,2025-09-08 12:01:27
342,49,6141.14,2025-09-09 12:01:27
343,49,6001.66,2025-09-10 12:01:27
344,50,5321.47,2025-09-04 12:01:27
345,50,5280.19,2025-09-05 12:01:27
346,50,5366.07,2025-09-06 12:01:27
347,50,5225.75,2025-09-07 12:01:27
348,50,5292.56,2025-09-08 12:01:27
349,50,5233.45,2025-09-09 12:01:27
350,50,5297.93,2025-09-10 12:01:27
351,51,5056.71,2025-09-04 12:01:27
352,51,5022.18,2025-09-05 12:01:27
353,51,4950.77,2025-09-06 12:01:27
354,51,5006.39,2025-09-07 12:01:27
355,51,4944.34,2025-09-08 12:01:27
356,51,4817.61,2025-09-09 12:01:27
357,51,4936.31,2025-09-10 12:01:27
358,52,6613.01,2025-09-04 12:01:27
359,52,6446.41,2025-09-05 12:01:27
360,52,6256.74,2025-09-06 12:01:27
361,52,6297.39,2025-09-07 12:01:27
362,52,6269.90,2025-09-08 12:01:27
363,52,6182.91,2025-09-09 12:01:27
364,52,6252.95,2025-09-10 12:01:27
365,53,6442.38,2025-09-04 12:01:27
366,53,6402.86,2025-09-05 12:01:27
367,53,6308.45,2025-09-06 12:01:27
368,53,6191.23,2025-09-07 12:01:27
369,53,6065.20,2025-09-08 12:01:27
370,53,6098.78,2025-09-09 12:01:27
371,53,6074.38,2025-09-10 12:01:27
372,54,6012.22,2025-09-04 12:01:27
373,54,6171.08,2025-09-05 12:01:27
374,54,6222.13,2025-09-06 12:01:27
375,54,6197.00,2025-09-07 12:01:27
376,54,6187.18,2025-09-08 12:01:27
377,54,6178.75,2025-09-09 12:01:27
378,54,6359.06,2025-09-10 12:01:27
379,55,3719.31,2025-09-04 12:01:27
380,55,3667.80,2025-09-05 12:01:27
381,55,3592.33,2025-09-06 12:01:27
382,55,3572.14,2025-09-07 12:01:27
383,55,3544.50,2025-09-08 12:01:27
384,55,3564.14,2025-09-09 12:01:27
385,55,3535.84,2025-09-10 12:01:27
386,56,3394.14,2025-09-04 12:01:27
387,56,3314.82,2025-09-05 12:01:27
388,56,3254.39,2025-09-06 12:01:27
389,56,3232.33,2025-09-07 12:01:27
390,56,3281.06,2025-09-08 12:01:27
391,56,3254.95,2025-09-09 12:01:27
392,56,3285.32,2025-09-10 12:01:27
393,57,3400.86,2025-09-04 12:01:27
394,57,3339.29,2025-09-05 12:01:27
395,57,3244.23,2025-09-06 12:01:27
396,57,3195.23,2025-09-07 12:01:27
397,57,3152.53,2025-09-08 12:01:27
398,57,3198.17,2025-09-09 12:01:27
399,57,3290.25,2025-09-10 12:01:27
400,58,7972.53,2025-09-04 12:01:27
401,58,8076.94,2025-09-05 12:01:27
402,58,8290.84,2025-09-06 12:01:27
403,58,8508.78,2025-09-07 12:01:27
404,58,8623.61,2025-09-08 12:01:27
405,58,8459.21,2025-09-09 12:01:27
406,58,8254.20,2025-09-10 12:01:27
407,59,7283.37,2025-09-04 12:01:27
408,59,7386.65,2025-09-05 12:01:27
409,59,7471.87,2025-09-06 12:01:27
410,59,7600.98,2025-09-07 12:01:27
411,59,7583.77,2025-09-08 12:01:27
412,59,7403.63,2025-09-09 12:01:27
413,59,7579.72,2025-09-10 12:01:27
414,60,8024.85,2025-09-04 12:01:27
415,60,7934.71,2025-09-05 12:01:27
416,60,7826.08,2025-09-06 12:01:27
417,60,7861.91,2025-09-07 12:01:27
418,60,7781.76,2025-09-08 12:01:27
419,60,7712.42,2025-09-09 12:01:27
420,60,7885.48,2025-09-10 12:01:27
421,61,7837.23,2025-09-04 12:01:27
422,61,8017.62,2025-09-05 12:01:27
423,61,7983.31,2025-09-06 12:01:27
424,61,8120.65,2025-09-07 12:01:27
425,61,8339.56,2025-09-08 12:01:27
426,61,8216.18,2025-09-09 12:01:27
427,61,8289.60,2025-09-10 12:01:27
428,62,8263.82,2025-09-04 12:01:27
429,62,8327.96,2025-09-05 12:01:27
430,62,8235.15,2025-09-06 12:01:27
431,62,8062.48,2025-09-07 12:01:27
432,62,8148.35,2025-09-08 12:01:27
433,62,8296.27,2025-09-09 12:01:27
434,62,8143.95,2025-09-10 12:01:27
435,63,8032.58,2025-09-04 12:01:27
436,63,7795.49,2025-09-05 12:01:27
437,63,7702.24,2025-09-06 12:01:27
438,63,7632.04,2025-09-07 12:01:27
439,63,7655.16,2025-09-08 12:01:27
440,63,7638.07,2025-09-09 12:01:27
441,63,7476.27,2025-09-10 12:01:27
442,64,3888.22,2025-09-04 12:01:27
443,64,3956.40,2025-09-05 12:01:27
444,64,3970.35,2025-09-06 12:01:27
445,64,3962.79,2025-09-07 12:01:27
446,64,3974.40,2025-09-08 12:01:27
447,64,4082.97,2025-09-09 12:01:27
448,64,4014.24,2025-09-10 12:01:27
449,65,3742.95,2025-09-04 12:01:27
450,65,3715.25,2025-09-05 12:01:27
451,65,3781.66,2025-09-06 12:01:27
452,65,3673.96,2025-09-07 12:01:27
453,65,3768.48,2025-09-08 12:01:27
454,65,3724.93,2025-09-09 12:01:27
455,65,3776.07,2025-09-10 12:01:27
456,66,3763.76,2025-09-04 12:01:27
457,66,3719.47,2025-09-05 12:01:27
458,66,3663.40,2025-09-06 12:01:27
459,66,3707.36,2025-09-07 12:01:27
460,66,3777.85,2025-09-08 12:01:27
461,66,3682.72,2025-09-09 12:01:27
462,66,3579.40,2025-09-10 12:01:27
463,67,735.84,2025-09-04 12:01:27
464,67,746.07,2025-09-05 12:01:27
465,67,745.30,2025-09-06 12:01:27
466,67,767.14,2025-09-07 12:01:27
467,67,755.16,2025-09-08 12:01:27
468,67,777.81,2025-09-09 12:01:27
469,67,785.02,2025-09-10 12:01:27
470,68,827.68,2025-09-04 12:01:27
471,68,850.93,2025-09-05 12:01:27
472,68,834.06,2025-09-06 12:01:27
473,68,809.06,2025-09-07 12:01:27
474,68,822.03,2025-09-08 12:01:27
475,68,838.84,2025-09-09 12:01:27
476,68,818.38,2025-09-10 12:01:27
477,69,754.54,2025-09-04 12:01:27
478,69,763.37,2025-09-05 12:01:27
479,69,758.33,2025-09-06 12:01:27
480,69,742.70,2025-09-07 12:01:27
481,69,727.64,2025-09-08 12:01:27
482,69,721.92,2025-09-09 12:01:27
483,69,719.56,2025-09-10 12:01:27
484,70,4626.01,2025-09-04 12:01:27
485,70,4641.38,2025-09-05 12:01:27
486,70,4556.83,2025-09-06 12:01:27
487,70,4514.63,2025-09-07 12:01:27
488,70,4385.40,2025-09-08 12:01:27
489,70,4339.91,2025-09-09 12:01:27
490,70,4295.46,2025-09-10 12:01:27
491,71,5019.49,2025-09-04 12:01:27
492,71,5165.82,2025-09-05 12:01:27
493,71,5053.22,2025-09-06 12:01:27
494,71,5146.89,2025-09-07 12:01:27
495,71,5152.72,2025-09-08 12:01:27
496,71,5151.68,2025-09-09 12:01:27
497,71,5150.47,2025-09-10 12:01:27
498,72,5407.15,2025-09-04 12:01:27
499,72,5498.52,2025-09-05 12:01:27
500,72,5372.29,2025-09-06 12:01:27
501,72,5442.08,2025-09-07 12:01:27
502,72,5479.50,2025-09-08 12:01:27
503,72,5427.10,2025-09-09 12:01:27
504,72,5520.67,2025-09-10 12:01:27
505,73,7330.41,2025-09-04 12:01:27
506,73,7386.96,2025-09-05 12:01:27
507,73,7529.66,2025-09-06 12:01:27
508,73,7566.34,2025-09-07 12:01:27
509,73,7366.70,2025-09-08 12:01:27
510,73,7313.17,2025-09-09 12:01:27
511,73,7281.95,2025-09-10 12:01:27
512,74,7426.07,2025-09-04 12:01:27
513,74,7554.78,2025-09-05 12:01:27
514,74,7668.11,2025-09-06 12:01:27
515,74,7849.05,2025-09-07 12:01:27
516,74,7769.51,2025-09-08 12:01:27
517,74,7656.66,2025-09-09 12:01:27
518,74,7469.04,2025-09-10 12:01:27
519,75,7343.87,2025-09-04 12:01:27
520,75,7457.93,2025-09-05 12:01:27
521,75,7672.52,2025-09-06 12:01:27
522,75,7779.92,2025-09-07 12:01:27
523,75,7793.85,2025-09-08 12:01:27
524,75,8023.64,2025-09-09 12:01:27
525,75,8081.73,2025-09-10 12:01:27
526,76,7762.22,2025-09-04 12:01:27
527,76,7565.12,2025-09-05 12:01:27
528,76,7448.92,2025-09-06 12:01:27
529,76,7554.24,2025-09-07 12:01:27
530,76,7740.66,2025-09-08 12:01:27
531,76,7581.96,2025-09-09 12:01:27
532,76,7440.10,2025-09-10 12:01:27
533,77,7995.01,2025-09-04 12:01:27
534,77,8131.84,2025-09-05 12:01:27
535,77,7911.03,2025-09-06 12:01:27
536,77,7850.25,2025-09-07 12:01:27
537,77,7714.48,2025-09-08 12:01:27
538,77,7745.35,2025-09-09 12:01:27
539,77,7775.22,2025-09-10 12:01:27
540,78,8409.70,2025-09-04 12:01:27
541,78,8411.00,2025-09-05 12:01:27
542,78,8341.99,2025-09-06 12:01:27
543,78,8274.95,2025-09-07 12:01:27
544,78,8347.08,2025-09-08 12:01:27
545,78,8153.46,2025-09-09 12:01:27
546,78,7984.35,2025-09-10 12:01:27
547,79,4876.57,2025-09-04 12:01:27
548,79,4738.70,2025-09-05 12:01:27
549,79,4812.70,2025-09-06 12:01:27
550,79,4771.79,2025-09-07 12:01:27
551,79,4883.22,2025-09-08 12:01:27
552,79,4921.50,2025-09-09 12:01:27
553,79,4894.81,2025-09-10 12:01:27
554,80,5326.47,2025-09-04 12:01:27
555,80,5169.38,2025-09-05 12:01:27
556,80,5079.25,2025-09-06 12:01:27
557,80,4990.45,2025-09-07 12:01:27
558,80,5062.10,2025-09-08 12:01:27
559,80,5127.24,2025-09-09 12:01:27
560,80,5185.87,2025-09-10 12:01:27
561,81,4876.08,2025-09-04 12:01:27
562,81,4987.03,2025-09-05 12:01:27
563,81,4946.77,2025-09-06 12:01:27
564,81,4808.42,2025-09-07 12:01:27
565,81,4820.62,2025-09-08 12:01:27
566,81,4838.25,2025-09-09 12:01:27
567,81,4815.13,2025-09-10 12:01:27
568,82,2101.68,2025-09-04 12:01:27
569,82,2125.67,2025-09-05 12:01:27
570,82,2134.71,2025-09-06 12:01:27
571,82,2130.69,2025-09-07 12:01:27
572,82,2186.58,2025-09-08 12:01:27
573,82,2141.40,2025-09-09 12:01:27
574,82,2195.45,2025-09-10 12:01:27
575,83,2034.66,2025-09-04 12:01:27
576,83,1994.20,2025-09-05 12:01:27
577,83,1976.12,2025-09-06 12:01:27
578,83,1920.80,2025-09-07 12:01:27
579,83,1920.57,2025-09-08 12:01:27
580,83,1969.41,2025-09-09 12:01:27
581,83,1975.12,2025-09-10 12:01:27
582,84,2230.73,2025-09-04 12:01:27
583,84,2254.07,2025-09-05 12:01:27
584,84,2256.86,2025-09-06 12:01:27
585,84,2277.06,2025-09-07 12:01:27
586,84,2318.71,2025-09-08 12:01:27
587,84,2255.75,2025-09-09 12:01:27
588,84,2224.24,2025-09-10 12:01:27
589,85,6247.71,2025-09-04 12:01:27
590,85,6425.79,2025-09-05 12:01:27
591,85,6365.33,2025-09-06 12:01:27
592,85,6242.50,2025-09-07 12:01:27
593,85,6166.05,2025-09-08 12:01:27
594,85,6080.04,2025-09-09 12:01:27
595,85,6044.22,2025-09-10 12:01:27
596,86,5358.81,2025-09-04 12:01:27
597,86,5503.13,2025-09-05 12:01:27
598,86,5453.55,2025-09-06 12:01:27
599,86,5461.81,2025-09-07 12:01:27
600,86,5568.54,2025-09-08 12:01:27
601,86,5497.42,2025-09-09 12:01:27
602,86,5510.85,2025-09-10 12:01:27
603,87,5782.75,2025-09-04 12:01:27
604,87,5866.47,2025-09-05 12:01:27
605,87,5706.58,2025-09-06 12:01:27
606,87,5563.58,2025-09-07 12:01:27
607,87,5539.33,2025-09-08 12:01:27
608,87,5546.50,2025-09-09 12:01:27
609,87,5652.39,2025-09-10 12:01:27
610,88,1337.12,2025-09-04 12:01:27
611,88,1300.47,2025-09-05 12:01:27
612,88,1285.94,2025-09-06 12:01:27
613,88,1314.62,2025-09-07 12:01:27
614,88,1305.38,2025-09-08 12:01:27
615,88,1344.52,2025-09-09 12:01:27
616,88,1314.47,2025-09-10 12:01:27
617,89,1570.15,2025-09-04 12:01:27
618,89,1543.38,2025-09-05 12:01:27
619,89,1557.03,2025-09-06 12:01:27
620,89,1565.26,2025-09-07 12:01:27
621,89,1533.46,2025-09-08 12:01:27
622,89,1507.71,2025-09-09 12:01:27
623,89,1472.49,2025-09-10 12:01:27
624,90,1389.79,2025-09-04 12:01:27
625,90,1424.77,2025-09-05 12:01:27
626,90,1399.72,2025-09-06 12:01:27
627,90,1410.78,2025-09-07 12:01:27
628,90,1420.34,2025-09-08 12:01:27
629,90,1410.05,2025-09-09 12:01:27
630,90,1450.73,2025-09-10 12:01:27
631,91,5608.36,2025-09-04 12:01:27
632,91,5528.56,2025-09-05 12:01:27
633,91,5551.64,2025-09-06 12:01:27
634,91,5681.86,2025-09-07 12:01:27
635,91,5795.92,2025-09-08 12:01:27
636,91,5647.80,2025-09-09 12:01:27
637,91,5593.97,2025-09-10 12:01:27
638,92,6107.82,2025-09-04 12:01:27
639,92,6110.37,2025-09-05 12:01:27
640,92,5997.01,2025-09-06 12:01:27
641,92,6078.88,2025-09-07 12:01:27
642,92,5957.18,2025-09-08 12:01:27
643,92,5916.18,2025-09-09 12:01:27
644,92,5765.16,2025-09-10 12:01:27
645,93,6302.22,2025-09-04 12:01:27
646,93,6231.56,2025-09-05 12:01:27
647,93,6301.31,2025-09-06 12:01:27
648,93,6480.30,2025-09-07 12:01:27
649,93,6288.55,2025-09-08 12:01:27
650,93,6196.54,2025-09-09 12:01:27
651,93,6024.28,2025-09-10 12:01:27
652,94,4731.37,2025-09-04 12:01:27
653,94,4857.02,2025-09-05 12:01:27
654,94,4822.90,2025-09-06 12:01:27
655,94,4956.10,2025-09-07 12:01:27
656,94,4937.53,2025-09-08 12:01:27
657,94,4962.60,2025-09-09 12:01:27
658,94,5104.40,2025-09-10 12:01:27
659,95,5587.13,2025-09-04 12:01:27
660,95,5602.46,2025-09-05 12:01:27
661,95,5655.24,2025-09-06 12:01:27
662,95,5635.09,2025-09-07 12:01:27
663,95,5771.08,2025-09-08 12:01:27
664,95,5794.71,2025-09-09 12:01:27
665,95,5924.17,2025-09-10 12:01:27
666,96,5159.05,2025-09-04 12:01:27
667,96,5153.45,2025-09-05 12:01:27
668,96,5036.86,2025-09-06 12:01:27
669,96,5139.17,2025-09-07 12:01:27
670,96,5245.44,2025-09-08 12:01:27
671,96,5255.31,2025-09-09 12:01:27
672,96,5222.19,2025-09-10 12:01:27
673,97,4043.76,2025-09-04 12:01:27
674,97,3970.82,2025-09-05 12:01:27
675,97,3857.80,2025-09-06 12:01:27
676,97,3972.28,2025-09-07 12:01:27
677,97,3889.01,2025-09-08 12:01:27
678,97,3961.99,2025-09-09 12:01:27
679,97,3998.05,2025-09-10 12:01:27
680,98,3779.22,2025-09-04 12:01:27
681,98,3721.35,2025-09-05 12:01:27
682,98,3648.77,2025-09-06 12:01:27
683,98,3558.60,2025-09-07 12:01:27
684,98,3464.55,2025-09-08 12:01:27
685,98,3437.81,2025-09-09 12:01:27
686,98,3421.05,2025-09-10 12:01:27
687,99,3760.44,2025-09-04 12:01:27
688,99,3682.69,2025-09-05 12:01:27
689,99,3784.49,2025-09-06 12:01:27
690,99,3807.82,2025-09-07 12:01:27
691,99,3848.10,2025-09-08 12:01:27
692,99,3921.41,2025-09-09 12:01:27
693,99,3829.09,2025-09-10 12:01:27
694,100,4670.16,2025-09-04 12:01:27
695,100,4565.69,2025-09-05 12:01:27
696,100,4603.88,2025-09-06 12:01:27
697,100,4494.45,2025-09-07 12:01:27
698,100,4369.29,2025-09-08 12:01:27
699,100,4290.62,2025-09-09 12:01:27
700,100,4168.11,2025-09-10 12:01:27
701,101,5388.29,2025-09-04 12:01:27
702,101,5253.98,2025-09-05 12:01:27
703,101,5251.01,2025-09-06 12:01:27
704,101,5206.25,2025-09-07 12:01:27
705,101,5190.31,2025-09-08 12:01:27
706,101,5178.76,2025-09-09 12:01:27
707,101,5183.91,2025-09-10 12:01:27
708,102,4686.33,2025-09-04 12:01:27
709,102,4599.11,2025-09-05 12:01:27
710,102,4704.79,2025-09-06 12:01:27
711,102,4727.07,2025-09-07 12:01:27
712,102,4700.62,2025-09-08 12:01:27
713,102,4756.40,2025-09-09 12:01:27
714,102,4773.14,2025-09-10 12:01:27
715,103,3091.73,2025-09-04 12:01:27
716,103,3022.74,2025-09-05 12:01:27
717,103,3058.95,2025-09-06 12:01:27
718,103,3113.56,2025-09-07 12:01:27
719,103,3175.11,2025-09-08 12:01:27
720,103,3224.12,2025-09-09 12:01:27
721,103,3204.16,2025-09-10 12:01:27
722,104,3345.69,2025-09-04 12:01:27
723,104,3396.55,2025-09-05 12:01:27
724,104,3316.12,2025-09-06 12:01:27
725,104,3246.90,2025-09-07 12:01:27
726,104,3228.53,2025-09-08 12:01:27
727,104,3242.78,2025-09-09 12:01:27
728,104,3295.99,2025-09-10 12:01:27
729,105,3124.85,2025-09-04 12:01:27
730,105,3070.32,2025-09-05 12:01:27
731,105,3135.82,2025-09-06 12:01:27
732,105,3113.56,2025-09-07 12:01:27
733,105,3166.95,2025-09-08 12:01:27
734,105,3233.48,2025-09-09 12:01:27
735,105,3205.20,2025-09-10 12:01:27
736,106,3352.95,2025-09-04 12:01:27
737,106,3269.08,2025-09-05 12:01:27
738,106,3231.30,2025-09-06 12:01:27
739,106,3235.33,2025-09-07 12:01:27
740,106,3235.31,2025-09-08 12:01:27
741,106,3255.84,2025-09-09 12:01:27
742,106,3203.42,2025-09-10 12:01:27
743,107,3207.44,2025-09-04 12:01:27
744,107,3127.96,2025-09-05 12:01:27
745,107,3089.97,2025-09-06 12:01:27
746,107,3015.36,2025-09-07 12:01:27
747,107,3088.46,2025-09-08 12:01:27
748,107,3140.57,2025-09-09 12:01:27
749,107,3104.02,2025-09-10 12:01:27
750,108,2841.43,2025-09-04 12:01:27
751,108,2858.54,2025-09-05 12:01:27
752,108,2832.96,2025-09-06 12:01:27
753,108,2769.81,2025-09-07 12:01:27
754,108,2799.69,2025-09-08 12:01:27
755,108,2783.41,2025-09-09 12:01:27
756,108,2738.09,2025-09-10 12:01:27
757,109,9192.56,2025-09-04 12:01:27
758,109,9289.67,2025-09-05 12:01:27
759,109,9256.73,2025-09-06 12:01:27
760,109,9267.68,2025-09-07 12:01:27
761,109,9271.98,2025-09-08 12:01:27
762,109,9046.52,2025-09-09 12:01:27
763,109,9148.03,2025-09-10 12:01:27
764,110,8777.69,2025-09-04 12:01:27
765,110,9016.83,2025-09-05 12:01:27
766,110,9138.15,2025-09-06 12:01:27
767,110,8976.72,2025-09-07 12:01:27
768,110,9038.75,2025-09-08 12:01:27
769,110,8958.40,2025-09-09 12:01:27
770,110,9074.63,2025-09-10 12:01:27
771,111,7823.85,2025-09-04 12:01:27
772,111,7737.83,2025-09-05 12:01:27
773,111,7628.49,2025-09-06 12:01:27
774,111,7681.57,2025-09-07 12:01:27
775,111,7463.52,2025-09-08 12:01:27
776,111,7272.63,2025-09-09 12:01:27
777,111,7424.08,2025-09-10 12:01:27
778,112,6609.93,2025-09-04 12:01:27
779,112,6742.62,2025-09-05 12:01:27
780,112,6802.62,2025-09-06 12:01:27
781,112,6603.87,2025-09-07 12:01:27
782,112,6630.41,2025-09-08 12:01:27
783,112,6797.82,2025-09-09 12:01:27
784,112,6825.15,2025-09-10 12:01:27
785,113,5960.66,2025-09-04 12:01:27
786,113,6055.16,2025-09-05 12:01:27
787,113,6044.57,2025-09-06 12:01:27
788,113,6184.44,2025-09-07 12:01:27
789,113,6022.44,2025-09-08 12:01:27
790,113,6192.87,2025-09-09 12:01:27
791,113,6249.48,2025-09-10 12:01:27
792,114,6013.89,2025-09-04 12:01:27
793,114,6101.83,2025-09-05 12:01:27
794,114,6205.07,2025-09-06 12:01:27
795,114,6085.00,2025-09-07 12:01:27
796,114,6102.64,2025-09-08 12:01:27
797,114,6024.56,2025-09-09 12:01:27
798,114,6153.37,2025-09-10 12:01:27
799,115,4723.52,2025-09-04 12:01:27
800,115,4583.19,2025-09-05 12:01:27
801,115,4665.37,2025-09-06 12:01:27
802,115,4767.50,2025-09-07 12:01:27
803,115,4694.81,2025-09-08 12:01:27
804,115,4665.62,2025-09-09 12:01:27
805,115,4709.41,2025-09-10 12:01:27
806,116,4966.48,2025-09-04 12:01:27
807,116,5059.08,2025-09-05 12:01:27
808,116,5172.52,2025-09-06 12:01:27
809,116,5228.86,2025-09-07 12:01:27
810,116,5223.42,2025-09-08 12:01:27
811,116,5213.29,2025-09-09 12:01:27
812,116,5233.88,2025-09-10 12:01:27
813,117,5167.33,2025-09-04 12:01:27
814,117,5312.62,2025-09-05 12:01:27
815,117,5447.86,2025-09-06 12:01:27
816,117,5578.38,2025-09-07 12:01:27
817,117,5577.71,2025-09-08 12:01:27
818,117,5638.66,2025-09-09 12:01:27
819,117,5662.61,2025-09-10 12:01:27
820,118,9361.30,2025-09-04 12:01:27
821,118,9525.43,2025-09-05 12:01:27
822,118,9687.95,2025-09-06 12:01:27
823,118,9616.22,2025-09-07 12:01:27
824,118,9815.08,2025-09-08 12:01:27
825,118,9621.33,2025-09-09 12:01:27
826,118,9770.28,2025-09-10 12:01:27
827,119,8862.94,2025-09-04 12:01:27
828,119,8884.39,2025-09-05 12:01:27
829,119,8764.86,2025-09-06 12:01:27
830,119,8576.98,2025-09-07 12:01:27
831,119,8746.65,2025-09-08 12:01:27
832,119,8895.81,2025-09-09 12:01:27
833,119,8875.22,2025-09-10 12:01:27
834,120,8558.05,2025-09-04 12:01:27
835,120,8585.81,2025-09-05 12:01:27
836,120,8398.35,2025-09-06 12:01:27
837,120,8205.80,2025-09-07 12:01:27
838,120,7995.73,2025-09-08 12:01:27
839,120,8113.59,2025-09-09 12:01:27
840,120,7920.77,2025-09-10 12:01:27
841,121,8076.20,2025-09-04 12:01:27
842,121,8296.07,2025-09-05 12:01:27
843,121,8256.45,2025-09-06 12:01:27
844,121,8393.34,2025-09-07 12:01:27
845,121,8440.95,2025-09-08 12:01:27
846,121,8287.70,2025-09-09 12:01:27
847,121,8448.90,2025-09-10 12:01:27
848,122,8415.59,2025-09-04 12:01:27
849,122,8202.53,2025-09-05 12:01:27
850,122,8092.36,2025-09-06 12:01:27
851,122,7939.40,2025-09-07 12:01:27
852,122,7823.58,2025-09-08 12:01:27
853,122,8038.27,2025-09-09 12:01:27
854,122,8180.42,2025-09-10 12:01:27
855,123,8152.42,2025-09-04 12:01:27
856,123,8090.93,2025-09-05 12:01:27
857,123,8294.58,2025-09-06 12:01:27
858,123,8202.09,2025-09-07 12:01:27
859,123,8066.77,2025-09-08 12:01:27
860,123,8264.25,2025-09-09 12:01:27
861,123,8388.34,2025-09-10 12:01:27
862,124,4098.08,2025-09-04 12:01:27
863,124,4085.26,2025-09-05 12:01:27
864,124,3966.95,2025-09-06 12:01:27
865,124,3891.92,2025-09-07 12:01:27
866,124,3896.00,2025-09-08 12:01:27
867,124,3820.27,2025-09-09 12:01:27
868,124,3705.99,2025-09-10 12:01:27
869,125,4666.05,2025-09-04 12:01:27
870,125,4795.84,2025-09-05 12:01:27
871,125,4681.88,2025-09-06 12:01:27
872,125,4563.80,2025-09-07 12:01:27
873,125,4538.45,2025-09-08 12:01:27
874,125,4593.44,2025-09-09 12:01:27
875,125,4714.51,2025-09-10 12:01:27
876,126,4223.95,2025-09-04 12:01:27
877,126,4349.77,2025-09-05 12:01:27
878,126,4267.33,2025-09-06 12:01:27
879,126,4286.81,2025-09-07 12:01:27
880,126,4259.36,2025-09-08 12:01:27
881,126,4183.70,2025-09-09 12:01:27
882,126,4231.91,2025-09-10 12:01:27
883,127,2214.98,2025-09-04 12:01:27
884,127,2257.77,2025-09-05 12:01:27
885,127,2223.01,2025-09-06 12:01:27
886,127,2180.54,2025-09-07 12:01:27
887,127,2145.44,2025-09-08 12:01:27
888,127,2137.86,2025-09-09 12:01:27
889,127,2101.93,2025-09-10 12:01:27
890,128,2124.28,2025-09-04 12:01:27
891,128,2177.89,2025-09-05 12:01:27
892,128,2201.62,2025-09-06 12:01:27
893,128,2266.40,2025-09-07 12:01:27
894,128,2285.98,2025-09-08 12:01:27
895,128,2333.81,2025-09-09 12:01:27
896,128,2265.05,2025-09-10 12:01:27
897,129,2182.30,2025-09-04 12:01:27
898,129,2130.41,2025-09-05 12:01:27
899,129,2083.81,2025-09-06 12:01:27
900,129,2035.69,2025-09-07 12:01:27
901,129,2064.71,2025-09-08 12:01:27
902,129,2032.15,2025-09-09 12:01:27
903,129,2077.25,2025-09-10 12:01:27
904,130,5259.03,2025-09-04 12:01:27
905,130,5219.07,2025-09-05 12:01:27
906,130,5290.38,2025-09-06 12:01:27
907,130,5180.68,2025-09-07 12:01:27
908,130,5211.76,2025-09-08 12:01:27
909,130,5175.81,2025-09-09 12:01:27
910,130,5246.32,2025-09-10 12:01:27
911,131,4848.95,2025-09-04 12:01:27
912,131,4768.67,2025-09-05 12:01:27
913,131,4656.64,2025-09-06 12:01:27
914,131,4593.14,2025-09-07 12:01:27
915,131,4605.87,2025-09-08 12:01:27
916,131,4529.17,2025-09-09 12:01:27
917,131,4430.55,2025-09-10 12:01:27
918,132,4821.93,2025-09-04 12:01:27
919,132,4776.63,2025-09-05 12:01:27
920,132,4708.95,2025-09-06 12:01:27
921,132,4775.40,2025-09-07 12:01:27
922,132,4728.13,2025-09-08 12:01:27
923,132,4821.57,2025-09-09 12:01:27
924,132,4689.57,2025-09-10 12:01:27
925,133,6758.44,2025-09-04 12:01:27
926,133,6911.55,2025-09-05 12:01:27
927,133,6845.06,2025-09-06 12:01:27
928,133,6821.92,2025-09-07 12:01:27
929,133,6937.63,2025-09-08 12:01:27
930,133,7099.72,2025-09-09 12:01:27
931,133,7158.27,2025-09-10 12:01:27
932,134,7090.39,2025-09-04 12:01:27
933,134,7298.55,2025-09-05 12:01:27
934,134,7456.30,2025-09-06 12:01:27
935,134,7522.21,2025-09-07 12:01:27
936,134,7540.67,2025-09-08 12:01:27
937,134,7495.17,2025-09-09 12:01:27
938,134,7377.14,2025-09-10 12:01:27
939,135,7430.44,2025-09-04 12:01:27
940,135,7348.65,2025-09-05 12:01:27
941,135,7421.21,2025-09-06 12:01:27
942,135,7633.47,2025-09-07 12:01:27
943,135,7824.51,2025-09-08 12:01:27
944,135,7905.27,2025-09-09 12:01:27
945,135,7938.56,2025-09-10 12:01:27
946,136,1777.61,2025-09-04 12:01:27
947,136,1781.28,2025-09-05 12:01:27
948,136,1744.94,2025-09-06 12:01:27
949,136,1712.55,2025-09-07 12:01:27
950,136,1694.72,2025-09-08 12:01:27
951,136,1684.23,2025-09-09 12:01:27
952,136,1673.59,2025-09-10 12:01:27
953,137,1759.86,2025-09-04 12:01:27
954,137,1741.52,2025-09-05 12:01:27
955,137,1709.50,2025-09-06 12:01:27
956,137,1693.30,2025-09-07 12:01:27
957,137,1664.04,2025-09-08 12:01:27
958,137,1622.01,2025-09-09 12:01:27
959,137,1666.87,2025-09-10 12:01:27
960,138,1696.83,2025-09-04 12:01:27
961,138,1740.68,2025-09-05 12:01:27
962,138,1707.45,2025-09-06 12:01:27
963,138,1699.19,2025-09-07 12:01:27
964,138,1722.91,2025-09-08 12:01:27
965,138,1737.77,2025-09-09 12:01:27
966,138,1767.16,2025-09-10 12:01:27
967,139,9023.82,2025-09-04 12:01:27
968,139,8765.30,2025-09-05 12:01:27
969,139,9027.03,2025-09-06 12:01:27
970,139,8871.27,2025-09-07 12:01:27
971,139,8796.77,2025-09-08 12:01:27
972,139,8825.40,2025-09-09 12:01:27
973,139,9081.94,2025-09-10 12:01:27
974,140,8301.47,2025-09-04 12:01:27
975,140,8408.51,2025-09-05 12:01:27
976,140,8346.54,2025-09-06 12:01:27
977,140,8544.10,2025-09-07 12:01:27
978,140,8540.29,2025-09-08 12:01:27
979,140,8579.58,2025-09-09 12:01:27
980,140,8806.02,2025-09-10 12:01:27
981,141,8974.27,2025-09-04 12:01:27
982,141,9150.93,2025-09-05 12:01:27
983,141,9065.45,2025-09-06 12:01:27
984,141,8817.19,2025-09-07 12:01:27
985,141,8764.39,2025-09-08 12:01:27
986,141,8560.52,2025-09-09 12:01:27
987,141,8625.46,2025-09-10 12:01:27
988,142,837.31,2025-09-04 12:01:27
989,142,828.93,2025-09-05 12:01:27
990,142,809.96,2025-09-06 12:01:27
991,142,828.45,2025-09-07 12:01:27
992,142,836.96,2025-09-08 12:01:27
993,142,837.78,2025-09-09 12:01:27
994,142,859.26,2025-09-10 12:01:27
995,143,737.90,2025-09-04 12:01:27
996,143,741.70,2025-09-05 12:01:27
997,143,726.73,2025-09-06 12:01:27
998,143,730.91,2025-09-07 12:01:27
999,143,721.07,2025-09-08 12:01:27
1000,143,735.19,2025-09-09 12:01:27
1001,143,750.52,2025-09-10 12:01:27
1002,144,754.54,2025-09-04 12:01:27
1003,144,734.32,2025-09-05 12:01:27
1004,144,731.94,2025-09-06 12:01:27
1005,144,732.51,2025-09-07 12:01:27
1006,144,730.05,2025-09-08 12:01:27
1007,144,748.79,2025-09-09 12:01:27
1008,144,762.29,2025-09-10 12:01:27
1009,145,4143.64,2025-09-04 12:01:27
1010,145,4235.28,2025-09-05 12:01:27
1011,145,4335.36,2025-09-06 12:01:27
1012,145,4439.00,2025-09-07 12:01:27
1013,145,4329.24,2025-09-08 12:01:27
1014,145,4246.06,2025-09-09 12:01:27
1015,145,4295.85,2025-09-10 12:01:27
1016,146,3946.52,2025-09-04 12:01:27
1017,146,3971.54,2025-09-05 12:01:27
1018,146,3866.53,2025-09-06 12:01:27
1019,146,3887.32,2025-09-07 12:01:27
1020,146,3868.58,2025-09-08 12:01:27
1021,146,3976.30,2025-09-09 12:01:27
1022,146,4003.59,2025-09-10 12:01:27
1023,147,3854.16,2025-09-04 12:01:27
1024,147,3910.80,2025-09-05 12:01:27
1025,147,3933.16,2025-09-06 12:01:27
1026,147,3913.05,2025-09-07 12:01:27
1027,147,3816.20,2025-09-08 12:01:27
1028,147,3715.12,2025-09-09 12:01:27
1029,147,3653.75,2025-09-10 12:01:27
1030,148,4112.14,2025-09-04 12:01:27
1031,148,4155.02,2025-09-05 12:01:27
1032,148,4213.52,2025-09-06 12:01:27
1033,148,4088.99,2025-09-07 12:01:27
1034,148,4176.28,2025-09-08 12:01:27
1035,148,4110.38,2025-09-09 12:01:27
1036,148,4142.51,2025-09-10 12:01:27
1037,149,4023.72,2025-09-04 12:01:27
1038,149,4075.69,2025-09-05 12:01:27
1039,149,4103.20,2025-09-06 12:01:27
1040,149,3995.17,2025-09-07 12:01:27
1041,149,4045.46,2025-09-08 12:01:27
1042,149,4041.89,2025-09-09 12:01:27
1043,149,3939.87,2025-09-10 12:01:27
1044,150,3570.74,2025-09-04 12:01:27
1045,150,3505.81,2025-09-05 12:01:27
1046,150,3410.90,2025-09-06 12:01:27
1047,150,3328.28,2025-09-07 12:01:27
1048,150,3276.76,2025-09-08 12:01:27
1049,150,3335.54,2025-09-09 12:01:27
1050,150,3349.38,2025-09-10 12:01:27
1051,151,2254.44,2025-09-04 12:01:27
1052,151,2316.35,2025-09-05 12:01:27
1053,151,2309.06,2025-09-06 12:01:27
1054,151,2324.63,2025-09-07 12:01:27
1055,151,2351.04,2025-09-08 12:01:27
1056,151,2305.68,2025-09-09 12:01:27
1057,151,2358.08,2025-09-10 12:01:27
1058,152,2282.49,2025-09-04 12:01:27
1059,152,2235.26,2025-09-05 12:01:27
1060,152,2274.69,2025-09-06 12:01:27
1061,152,2229.36,2025-09-07 12:01:27
1062,152,2213.96,2025-09-08 12:01:27
1063,152,2212.20,2025-09-09 12:01:27
1064,152,2228.58,2025-09-10 12:01:27
1065,153,2028.43,2025-09-04 12:01:27
1066,153,2025.88,2025-09-05 12:01:27
1067,153,2019.12,2025-09-06 12:01:27
1068,153,2009.76,2025-09-07 12:01:27
1069,153,2056.75,2025-09-08 12:01:27
1070,153,2111.02,2025-09-09 12:01:27
1071,153,2082.04,2025-09-10 12:01:27
1072,154,8099.96,2025-09-04 12:01:27
1073,154,8010.89,2025-09-05 12:01:27
1074,154,8076.78,2025-09-06 12:01:27
1075,154,8135.03,2025-09-07 12:01:27
1076,154,7966.15,2025-09-08 12:01:27
1077,154,8189.86,2025-09-09 12:01:27
1078,154,8378.62,2025-09-10 12:01:27
1079,155,7995.24,2025-09-04 12:01:27
1080,155,8142.13,2025-09-05 12:01:27
1081,155,8073.05,2025-09-06 12:01:27
1082,155,7898.59,2025-09-07 12:01:27
1083,155,7863.80,2025-09-08 12:01:27
1084,155,8070.63,2025-09-09 12:01:27
1085,155,8107.30,2025-09-10 12:01:27
1086,156,8584.39,2025-09-04 12:01:27
1087,156,8341.33,2025-09-05 12:01:27
1088,156,8563.03,2025-09-06 12:01:27
1089,156,8399.88,2025-09-07 12:01:27
1090,156,8620.56,2025-09-08 12:01:27
1091,156,8686.54,2025-09-09 12:01:27
1092,156,8688.16,2025-09-10 12:01:27
1093,157,7887.05,2025-09-04 12:01:27
1094,157,7949.08,2025-09-05 12:01:27
1095,157,7949.39,2025-09-06 12:01:27
1096,157,8159.52,2025-09-07 12:01:27
1097,157,8097.10,2025-09-08 12:01:27
1098,157,8035.64,2025-09-09 12:01:27
1099,157,7931.50,2025-09-10 12:01:27
1100,158,7353.86,2025-09-04 12:01:27
1101,158,7209.23,2025-09-05 12:01:27
1102,158,7379.13,2025-09-06 12:01:27
1103,158,7350.63,2025-09-07 12:01:27
1104,158,7420.01,2025-09-08 12:01:27
1105,158,7310.66,2025-09-09 12:01:27
1106,158,7390.31,2025-09-10 12:01:27
1107,159,7975.17,2025-09-04 12:01:27
1108,159,8184.96,2025-09-05 12:01:27
1109,159,8361.74,2025-09-06 12:01:27
1110,159,8518.22,2025-09-07 12:01:27
1111,159,8617.67,2025-09-08 12:01:27
1112,159,8365.02,2025-09-09 12:01:27
1113,159,8481.85,2025-09-10 12:01:27
1114,160,1932.37,2025-09-04 12:01:27
1115,160,1925.45,2025-09-05 12:01:27
1116,160,1930.24,2025-09-06 12:01:27
1117,160,1967.54,2025-09-07 12:01:27
1118,160,1943.00,2025-09-08 12:01:27
1119,160,1981.86,2025-09-09 12:01:27
1120,160,2034.71,2025-09-10 12:01:27
1121,161,1831.44,2025-09-04 12:01:27
1122,161,1845.21,2025-09-05 12:01:27
1123,161,1829.07,2025-09-06 12:01:27
1124,161,1811.42,2025-09-07 12:01:27
1125,161,1806.68,2025-09-08 12:01:27
1126,161,1808.35,2025-09-09 12:01:27
1127,161,1767.79,2025-09-10 12:01:27
1128,162,1758.02,2025-09-04 12:01:27
1129,162,1711.42,2025-09-05 12:01:27
1130,162,1747.52,2025-09-06 12:01:27
1131,162,1792.65,2025-09-07 12:01:27
1132,162,1765.94,2025-09-08 12:01:27
1133,162,1749.14,2025-09-09 12:01:27
1134,162,1763.68,2025-09-10 12:01:27
1135,163,1075.16,2025-09-04 12:01:27
1136,163,1078.99,2025-09-05 12:01:27
1137,163,1059.16,2025-09-06 12:01:27
1138,163,1048.04,2025-09-07 12:01:27
1139,163,1070.54,2025-09-08 12:01:27
1140,163,1039.67,2025-09-09 12:01:27
1141,163,1013.43,2025-09-10 12:01:27
1142,164,1163.44,2025-09-04 12:01:27
1143,164,1171.14,2025-09-05 12:01:27
1144,164,1165.40,2025-09-06 12:01:27
1145,164,1178.81,2025-09-07 12:01:27
1146,164,1190.82,2025-09-08 12:01:27
1147,164,1217.52,2025-09-09 12:01:27
1148,164,1220.69,2025-09-10 12:01:27
1149,165,1009.45,2025-09-04 12:01:27
1150,165,1011.97,2025-09-05 12:01:27
1151,165,1029.76,2025-09-06 12:01:27
1152,165,1026.13,2025-09-07 12:01:27
1153,165,1002.20,2025-09-08 12:01:27
1154,165,1005.57,2025-09-09 12:01:27
1155,165,1034.97,2025-09-10 12:01:27
1156,166,7409.38,2025-09-04 12:01:27
1157,166,7200.05,2025-09-05 12:01:27
1158,166,7243.24,2025-09-06 12:01:27
1159,166,7380.61,2025-09-07 12:01:27
1160,166,7166.12,2025-09-08 12:01:27
1161,166,7367.84,2025-09-09 12:01:27
1162,166,7321.99,2025-09-10 12:01:27
1163,167,7250.50,2025-09-04 12:01:27
1164,167,7444.94,2025-09-05 12:01:27
1165,167,7408.06,2025-09-06 12:01:27
1166,167,7313.32,2025-09-07 12:01:27
1167,167,7460.70,2025-09-08 12:01:27
1168,167,7538.96,2025-09-09 12:01:27
1169,167,7519.98,2025-09-10 12:01:27
1170,168,6777.89,2025-09-04 12:01:27
1171,168,6591.91,2025-09-05 12:01:27
1172,168,6538.44,2025-09-06 12:01:27
1173,168,6438.11,2025-09-07 12:01:27
1174,168,6424.89,2025-09-08 12:01:27
1175,168,6436.42,2025-09-09 12:01:27
1176,168,6461.59,2025-09-10 12:01:27
1177,169,923.83,2025-09-04 12:01:27
1178,169,901.20,2025-09-05 12:01:27
1179,169,909.99,2025-09-06 12:01:27
1180,169,935.05,2025-09-07 12:01:27
1181,169,921.21,2025-09-08 12:01:27
1182,169,917.93,2025-09-09 12:01:27
1183,169,904.62,2025-09-10 12:01:27
1184,170,993.82,2025-09-04 12:01:27
1185,170,1002.74,2025-09-05 12:01:27
1186,170,973.50,2025-09-06 12:01:27
1187,170,1001.53,2025-09-07 12:01:27
1188,170,981.85,2025-09-08 12:01:27
1189,170,964.65,2025-09-09 12:01:27
1190,170,985.17,2025-09-10 12:01:27
1191,171,893.67,2025-09-04 12:01:27
1192,171,882.42,2025-09-05 12:01:27
1193,171,858.02,2025-09-06 12:01:27
1194,171,833.38,2025-09-07 12:01:27
1195,171,851.49,2025-09-08 12:01:27
1196,171,859.95,2025-09-09 12:01:27
1197,171,875.25,2025-09-10 12:01:27
1198,172,2304.48,2025-09-04 12:01:27
1199,172,2314.50,2025-09-05 12:01:27
1200,172,2354.65,2025-09-06 12:01:27
1201,172,2332.14,2025-09-07 12:01:27
1202,172,2281.58,2025-09-08 12:01:27
1203,172,2231.63,2025-09-09 12:01:27
1204,172,2289.51,2025-09-10 12:01:27
1205,173,2544.47,2025-09-04 12:01:27
1206,173,2484.93,2025-09-05 12:01:27
1207,173,2530.02,2025-09-06 12:01:27
1208,173,2465.76,2025-09-07 12:01:27
1209,173,2426.17,2025-09-08 12:01:27
1210,173,2493.61,2025-09-09 12:01:27
1211,173,2543.91,2025-09-10 12:01:27
1212,174,2383.93,2025-09-04 12:01:27
1213,174,2412.57,2025-09-05 12:01:27
1214,174,2439.29,2025-09-06 12:01:27
1215,174,2401.90,2025-09-07 12:01:27
1216,174,2348.80,2025-09-08 12:01:27
1217,174,2368.58,2025-09-09 12:01:27
1218,174,2403.08,2025-09-10 12:01:27
1219,175,5688.50,2025-09-04 12:01:27
1220,175,5626.70,2025-09-05 12:01:27
1221,175,5498.33,2025-09-06 12:01:27
1222,175,5511.71,2025-09-07 12:01:27
1223,175,5459.65,2025-09-08 12:01:27
1224,175,5344.04,2025-09-09 12:01:27
1225,175,5390.51,2025-09-10 12:01:27
1226,176,5638.44,2025-09-04 12:01:27
1227,176,5520.14,2025-09-05 12:01:27
1228,176,5381.84,2025-09-06 12:01:27
1229,176,5429.10,2025-09-07 12:01:27
1230,176,5504.42,2025-09-08 12:01:27
1231,176,5376.41,2025-09-09 12:01:27
1232,176,5415.48,2025-09-10 12:01:27
1233,177,5065.57,2025-09-04 12:01:27
1234,177,4946.85,2025-09-05 12:01:27
1235,177,5038.18,2025-09-06 12:01:27
1236,177,5139.66,2025-09-07 12:01:27
1237,177,5193.18,2025-09-08 12:01:27
1238,177,5212.47,2025-09-09 12:01:27
1239,177,5344.68,2025-09-10 12:01:27
1240,178,1410.56,2025-09-04 12:01:27
1241,178,1415.90,2025-09-05 12:01:27
1242,178,1417.31,2025-09-06 12:01:27
1243,178,1427.52,2025-09-07 12:01:27
1244,178,1445.51,2025-09-08 12:01:27
1245,178,1469.31,2025-09-09 12:01:27
1246,178,1448.42,2025-09-10 12:01:27
1247,179,1346.10,2025-09-04 12:01:27
1248,179,1354.78,2025-09-05 12:01:27
1249,179,1372.99,2025-09-06 12:01:27
1250,179,1331.92,2025-09-07 12:01:27
1251,179,1333.72,2025-09-08 12:01:27
1252,179,1362.40,2025-09-09 12:01:27
1253,179,1375.29,2025-09-10 12:01:27
1254,180,1244.80,2025-09-04 12:01:27
1255,180,1274.03,2025-09-05 12:01:27
1256,180,1249.43,2025-09-06 12:01:27
1257,180,1281.11,2025-09-07 12:01:27
1258,180,1249.22,2025-09-08 12:01:27
1259,180,1248.08,2025-09-09 12:01:27
1260,180,1283.20,2025-09-10 12:01:27
1261,181,8392.55,2025-09-04 12:01:27
1262,181,8584.97,2025-09-05 12:01:27
1263,181,8384.01,2025-09-06 12:01:27
1264,181,8475.10,2025-09-07 12:01:27
1265,181,8319.44,2025-09-08 12:01:27
1266,181,8419.48,2025-09-09 12:01:27
1267,181,8381.37,2025-09-10 12:01:27
1268,182,7630.08,2025-09-04 12:01:27
1269,182,7485.00,2025-09-05 12:01:27
1270,182,7333.43,2025-09-06 12:01:27
1271,182,7488.79,2025-09-07 12:01:27
1272,182,7284.91,2025-09-08 12:01:27
1273,182,7320.62,2025-09-09 12:01:27
1274,182,7279.67,2025-09-10 12:01:27
1275,183,8008.33,2025-09-04 12:01:27
1276,183,8115.30,2025-09-05 12:01:27
1277,183,8106.70,2025-09-06 12:01:27
1278,183,8106.35,2025-09-07 12:01:27
1279,183,8022.73,2025-09-08 12:01:27
1280,183,8028.90,2025-09-09 12:01:27
1281,183,7789.24,2025-09-10 12:01:27
1282,184,6882.30,2025-09-04 12:01:27
1283,184,7014.55,2025-09-05 12:01:27
1284,184,7173.46,2025-09-06 12:01:27
1285,184,6987.63,2025-09-07 12:01:27
1286,184,7062.90,2025-09-08 12:01:27
1287,184,7258.00,2025-09-09 12:01:27
1288,184,7425.78,2025-09-10 12:01:27
1289,185,6815.36,2025-09-04 12:01:27
1290,185,6737.38,2025-09-05 12:01:27
1291,185,6757.08,2025-09-06 12:01:27
1292,185,6586.65,2025-09-07 12:01:27
1293,185,6575.30,2025-09-08 12:01:27
1294,185,6683.25,2025-09-09 12:01:27
1295,185,6550.18,2025-09-10 12:01:27
1296,186,6913.99,2025-09-04 12:01:27
1297,186,6786.80,2025-09-05 12:01:27
1298,186,6980.38,2025-09-06 12:01:27
1299,186,7133.61,2025-09-07 12:01:27
1300,186,7164.19,2025-09-08 12:01:27
1301,186,7249.96,2025-09-09 12:01:27
1302,186,7086.35,2025-09-10 12:01:27
1303,187,1705.66,2025-09-04 12:01:27
1304,187,1752.49,2025-09-05 12:01:27
1305,187,1764.43,2025-09-06 12:01:27
1306,187,1752.98,2025-09-07 12:01:27
1307,187,1793.38,2025-09-08 12:01:27
1308,187,1816.99,2025-09-09 12:01:27
1309,187,1791.11,2025-09-10 12:01:27
1310,188,1510.03,2025-09-04 12:01:27
1311,188,1526.75,2025-09-05 12:01:27
1312,188,1549.67,2025-09-06 12:01:27
1313,188,1518.65,2025-09-07 12:01:27
1314,188,1552.77,2025-09-08 12:01:27
1315,188,1541.03,2025-09-09 12:01:27
1316,188,1546.76,2025-09-10 12:01:27
1317,189,1580.75,2025-09-04 12:01:27
1318,189,1580.22,2025-09-05 12:01:27
1319,189,1570.67,2025-09-06 12:01:27
1320,189,1573.15,2025-09-07 12:01:27
1321,189,1533.82,2025-09-08 12:01:27
1322,189,1509.43,2025-09-09 12:01:27
1323,189,1528.42,2025-09-10 12:01:27
1324,190,6575.14,2025-09-04 12:01:27
1325,190,6728.86,2025-09-05 12:01:27
1326,190,6578.03,2025-09-06 12:01:27
1327,190,6637.84,2025-09-07 12:01:27
1328,190,6691.68,2025-09-08 12:01:27
1329,190,6612.31,2025-09-09 12:01:27
1330,190,6483.71,2025-09-10 12:01:27
1331,191,6525.56,2025-09-04 12:01:27
1332,191,6444.41,2025-09-05 12:01:27
1333,191,6327.88,2025-09-06 12:01:27
1334,191,6222.06,2025-09-07 12:01:27
1335,191,6143.24,2025-09-08 12:01:27
1336,191,6193.87,2025-09-09 12:01:27
1337,191,6079.78,2025-09-10 12:01:27
1338,192,7359.37,2025-09-04 12:01:27
1339,192,7227.18,2025-09-05 12:01:27
1340,192,7040.20,2025-09-06 12:01:27
1341,192,6868.76,2025-09-07 12:01:27
1342,192,6827.69,2025-09-08 12:01:27
1343,192,6690.23,2025-09-09 12:01:27
1344,192,6669.63,2025-09-10 12:01:27
1345,193,5015.47,2025-09-04 12:01:27
1346,193,5054.55,2025-09-05 12:01:27
1347,193,5115.88,2025-09-06 12:01:27
1348,193,5135.09,2025-09-07 12:01:27
1349,193,5248.65,2025-09-08 12:01:27
1350,193,5169.29,2025-09-09 12:01:27
1351,193,5141.35,2025-09-10 12:01:27
1352,194,6066.71,2025-09-04 12:01:27
1353,194,6166.76,2025-09-05 12:01:27
1354,194,6181.89,2025-09-06 12:01:27
1355,194,6072.60,2025-09-07 12:01:27
1356,194,6140.59,2025-09-08 12:01:27
1357,194,6223.30,2025-09-09 12:01:27
1358,194,6187.46,2025-09-10 12:01:27
1359,195,5569.06,2025-09-04 12:01:27
1360,195,5417.41,2025-09-05 12:01:27
1361,195,5575.24,2025-09-06 12:01:27
1362,195,5656.75,2025-09-07 12:01:27
1363,195,5590.23,2025-09-08 12:01:27
1364,195,5648.06,2025-09-09 12:01:27
1365,195,5809.83,2025-09-10 12:01:27
1366,196,861.69,2025-09-04 12:01:27
1367,196,866.90,2025-09-05 12:01:27
1368,196,862.21,2025-09-06 12:01:27
1369,196,853.41,2025-09-07 12:01:27
1370,196,837.38,2025-09-08 12:01:27
1371,196,836.00,2025-09-09 12:01:27
1372,196,843.44,2025-09-10 12:01:27
1373,197,837.82,2025-09-04 12:01:27
1374,197,850.90,2025-09-05 12:01:27
1375,197,855.76,2025-09-06 12:01:27
1376,197,857.24,2025-09-07 12:01:27
1377,197,872.47,2025-09-08 12:01:27
1378,197,893.59,2025-09-09 12:01:27
1379,197,886.52,2025-09-10 12:01:27
1380,198,705.14,2025-09-04 12:01:27
1381,198,686.60,2025-09-05 12:01:27
1382,198,673.78,2025-09-06 12:01:27
1383,198,687.28,2025-09-07 12:01:27
1384,198,704.09,2025-09-08 12:01:27
1385,198,723.85,2025-09-09 12:01:27
1386,198,722.44,2025-09-10 12:01:27
1387,199,5753.28,2025-09-04 12:01:27
1388,199,5852.76,2025-09-05 12:01:27
1389,199,5965.13,2025-09-06 12:01:27
1390,199,6047.10,2025-09-07 12:01:27
1391,199,5982.32,2025-09-08 12:01:27
1392,199,5996.51,2025-09-09 12:01:27
1393,199,6031.28,2025-09-10 12:01:27
1394,200,5845.03,2025-09-04 12:01:27
1395,200,5977.23,2025-09-05 12:01:27
1396,200,6088.37,2025-09-06 12:01:27
1397,200,6082.45,2025-09-07 12:01:27
1398,200,6094.06,2025-09-08 12:01:27
1399,200,6142.27,2025-09-09 12:01:27
1400,200,6300.49,2025-09-10 12:01:27
1401,201,5226.37,2025-09-04 12:01:27
1402,201,5374.07,2025-09-05 12:01:27
1403,201,5505.39,2025-09-06 12:01:27
1404,201,5396.86,2025-09-07 12:01:27
1405,201,5465.90,2025-09-08 12:01:27
1406,201,5430.89,2025-09-09 12:01:27
1407,201,5292.40,2025-09-10 12:01:27
1408,202,4712.79,2025-09-04 12:01:27
1409,202,4740.00,2025-09-05 12:01:27
1410,202,4721.18,2025-09-06 12:01:27
1411,202,4693.30,2025-09-07 12:01:27
1412,202,4673.63,2025-09-08 12:01:27
1413,202,4548.45,2025-09-09 12:01:27
1414,202,4525.84,2025-09-10 12:01:27
1415,203,4245.26,2025-09-04 12:01:27
1416,203,4281.97,2025-09-05 12:01:27
1417,203,4235.17,2025-09-06 12:01:27
1418,203,4250.03,2025-09-07 12:01:27
1419,203,4279.55,2025-09-08 12:01:27
1420,203,4338.50,2025-09-09 12:01:27
1421,203,4211.30,2025-09-10 12:01:27
1422,204,4467.43,2025-09-04 12:01:27
1423,204,4470.63,2025-09-05 12:01:27
1424,204,4373.18,2025-09-06 12:01:27
1425,204,4404.17,2025-09-07 12:01:27
1426,204,4392.66,2025-09-08 12:01:27
1427,204,4408.84,2025-09-09 12:01:27
1428,204,4399.20,2025-09-10 12:01:27
1429,205,1444.68,2025-09-04 12:01:27
1430,205,1435.77,2025-09-05 12:01:27
1431,205,1472.33,2025-09-06 12:01:27
1432,205,1492.71,2025-09-07 12:01:27
1433,205,1467.59,2025-09-08 12:01:27
1434,205,1430.83,2025-09-09 12:01:27
1435,205,1405.49,2025-09-10 12:01:27
1436,206,1492.57,2025-09-04 12:01:27
1437,206,1482.96,2025-09-05 12:01:27
1438,206,1518.98,2025-09-06 12:01:27
1439,206,1555.78,2025-09-07 12:01:27
1440,206,1579.46,2025-09-08 12:01:27
1441,206,1532.19,2025-09-09 12:01:27
1442,206,1543.53,2025-09-10 12:01:27
1443,207,1278.67,2025-09-04 12:01:27
1444,207,1243.59,2025-09-05 12:01:27
1445,207,1264.95,2025-09-06 12:01:27
1446,207,1287.55,2025-09-07 12:01:27
1447,207,1288.32,2025-09-08 12:01:27
1448,207,1292.31,2025-09-09 12:01:27
1449,207,1324.01,2025-09-10 12:01:27
1450,208,5696.69,2025-09-04 12:01:27
1451,208,5584.02,2025-09-05 12:01:27
1452,208,5750.14,2025-09-06 12:01:27
1453,208,5739.53,2025-09-07 12:01:27
1454,208,5849.59,2025-09-08 12:01:27
1455,208,5711.35,2025-09-09 12:01:27
1456,208,5812.74,2025-09-10 12:01:27
1457,209,5560.72,2025-09-04 12:01:27
1458,209,5472.47,2025-09-05 12:01:27
1459,209,5587.41,2025-09-06 12:01:27
1460,209,5717.44,2025-09-07 12:01:27
1461,209,5815.80,2025-09-08 12:01:27
1462,209,5788.83,2025-09-09 12:01:27
1463,209,5892.92,2025-09-10 12:01:27
1464,210,5796.28,2025-09-04 12:01:27
1465,210,5947.63,2025-09-05 12:01:27
1466,210,5969.12,2025-09-06 12:01:27
1467,210,5874.73,2025-09-07 12:01:27
1468,210,5944.45,2025-09-08 12:01:27
1469,210,5876.49,2025-09-09 12:01:27
1470,210,5820.01,2025-09-10 12:01:27
1471,211,8149.27,2025-09-04 12:01:27
1472,211,8089.58,2025-09-05 12:01:27
1473,211,8083.24,2025-09-06 12:01:27
1474,211,8009.38,2025-09-07 12:01:27
1475,211,7998.93,2025-09-08 12:01:27
1476,211,8114.11,2025-09-09 12:01:27
1477,211,8043.78,2025-09-10 12:01:27
1478,212,8236.85,2025-09-04 12:01:27
1479,212,8232.63,2025-09-05 12:01:27
1480,212,8152.03,2025-09-06 12:01:27
1481,212,8015.32,2025-09-07 12:01:27
1482,212,8095.98,2025-09-08 12:01:27
1483,212,8052.73,2025-09-09 12:01:27
1484,212,7986.53,2025-09-10 12:01:27
1485,213,7822.89,2025-09-04 12:01:27
1486,213,7900.87,2025-09-05 12:01:27
1487,213,7753.47,2025-09-06 12:01:27
1488,213,7601.34,2025-09-07 12:01:27
1489,213,7487.13,2025-09-08 12:01:27
1490,213,7444.34,2025-09-09 12:01:27
1491,213,7659.30,2025-09-10 12:01:27
1492,214,4324.20,2025-09-04 12:01:27
1493,214,4362.28,2025-09-05 12:01:27
1494,214,4388.66,2025-09-06 12:01:27
1495,214,4427.64,2025-09-07 12:01:27
1496,214,4502.06,2025-09-08 12:01:27
1497,214,4542.94,2025-09-09 12:01:27
1498,214,4422.06,2025-09-10 12:01:27
1499,215,4041.38,2025-09-04 12:01:27
1500,215,4020.34,2025-09-05 12:01:27
1501,215,4059.63,2025-09-06 12:01:27
1502,215,3944.81,2025-09-07 12:01:27
1503,215,3899.29,2025-09-08 12:01:27
1504,215,3997.93,2025-09-09 12:01:27
1505,215,4079.56,2025-09-10 12:01:27
1506,216,4067.11,2025-09-04 12:01:27
1507,216,3951.68,2025-09-05 12:01:27
1508,216,3866.30,2025-09-06 12:01:27
1509,216,3891.87,2025-09-07 12:01:27
1510,216,3910.50,2025-09-08 12:01:27
1511,216,4026.48,2025-09-09 12:01:27
1512,216,4030.42,2025-09-10 12:01:27
1513,217,5023.39,2025-09-04 12:01:27
1514,217,5007.67,2025-09-05 12:01:27
1515,217,4981.03,2025-09-06 12:01:27
1516,217,4943.83,2025-09-07 12:01:27
1517,217,4967.75,2025-09-08 12:01:27
1518,217,4856.74,2025-09-09 12:01:27
1519,217,4739.87,2025-09-10 12:01:27
1520,218,5407.66,2025-09-04 12:01:27
1521,218,5502.99,2025-09-05 12:01:27
1522,218,5494.60,2025-09-06 12:01:27
1523,218,5565.15,2025-09-07 12:01:27
1524,218,5618.36,2025-09-08 12:01:27
1525,218,5611.32,2025-09-09 12:01:27
1526,218,5750.48,2025-09-10 12:01:27
1527,219,5203.02,2025-09-04 12:01:27
1528,219,5351.80,2025-09-05 12:01:27
1529,219,5464.86,2025-09-06 12:01:27
1530,219,5319.21,2025-09-07 12:01:27
1531,219,5174.38,2025-09-08 12:01:27
1532,219,5131.96,2025-09-09 12:01:27
1533,219,4980.98,2025-09-10 12:01:27
1534,220,5653.13,2025-09-04 12:01:27
1535,220,5623.91,2025-09-05 12:01:27
1536,220,5609.03,2025-09-06 12:01:27
1537,220,5684.25,2025-09-07 12:01:27
1538,220,5604.51,2025-09-08 12:01:27
1539,220,5722.36,2025-09-09 12:01:27
1540,220,5587.07,2025-09-10 12:01:27
1541,221,5812.20,2025-09-04 12:01:27
1542,221,5920.93,2025-09-05 12:01:27
1543,221,5924.78,2025-09-06 12:01:27
1544,221,6093.91,2025-09-07 12:01:27
1545,221,6162.97,2025-09-08 12:01:27
1546,221,6149.37,2025-09-09 12:01:27
1547,221,6062.85,2025-09-10 12:01:27
1548,222,4974.31,2025-09-04 12:01:27
1549,222,4831.42,2025-09-05 12:01:27
1550,222,4968.28,2025-09-06 12:01:27
1551,222,4866.87,2025-09-07 12:01:27
1552,222,4950.95,2025-09-08 12:01:27
1553,222,5087.77,2025-09-09 12:01:27
1554,222,5193.81,2025-09-10 12:01:27
1555,223,2194.20,2025-09-04 12:01:27
1556,223,2166.53,2025-09-05 12:01:27
1557,223,2113.00,2025-09-06 12:01:27
1558,223,2114.44,2025-09-07 12:01:27
1559,223,2107.51,2025-09-08 12:01:27
1560,223,2068.42,2025-09-09 12:01:27
1561,223,2073.98,2025-09-10 12:01:27
1562,224,2072.47,2025-09-04 12:01:27
1563,224,2026.40,2025-09-05 12:01:27
1564,224,1988.06,2025-09-06 12:01:27
1565,224,1958.79,2025-09-07 12:01:27
1566,224,1917.38,2025-09-08 12:01:27
1567,224,1903.76,2025-09-09 12:01:27
1568,224,1885.47,2025-09-10 12:01:27
1569,225,2179.29,2025-09-04 12:01:27
1570,225,2143.95,2025-09-05 12:01:27
1571,225,2084.15,2025-09-06 12:01:27
1572,225,2047.15,2025-09-07 12:01:27
1573,225,2057.46,2025-09-08 12:01:27
1574,225,2043.28,2025-09-09 12:01:27
1575,225,2085.05,2025-09-10 12:01:27
1576,226,3004.60,2025-09-04 12:01:27
1577,226,2999.54,2025-09-05 12:01:27
1578,226,3080.96,2025-09-06 12:01:27
1579,226,3113.92,2025-09-07 12:01:27
1580,226,3164.78,2025-09-08 12:01:27
1581,226,3101.69,2025-09-09 12:01:27
1582,226,3059.55,2025-09-10 12:01:27
1583,227,3121.99,2025-09-04 12:01:27
1584,227,3199.49,2025-09-05 12:01:27
1585,227,3226.02,2025-09-06 12:01:27
1586,227,3211.17,2025-09-07 12:01:27
1587,227,3187.26,2025-09-08 12:01:27
1588,227,3253.14,2025-09-09 12:01:27
1589,227,3178.94,2025-09-10 12:01:27
1590,228,3072.42,2025-09-04 12:01:27
1591,228,3030.45,2025-09-05 12:01:27
1592,228,2947.66,2025-09-06 12:01:27
1593,228,2891.15,2025-09-07 12:01:27
1594,228,2853.90,2025-09-08 12:01:27
1595,228,2809.89,2025-09-09 12:01:27
1596,228,2774.61,2025-09-10 12:01:27
1597,229,4730.21,2025-09-04 12:01:27
1598,229,4757.11,2025-09-05 12:01:27
1599,229,4734.77,2025-09-06 12:01:27
1600,229,4742.12,2025-09-07 12:01:27
1601,229,4815.68,2025-09-08 12:01:27
1602,229,4805.14,2025-09-09 12:01:27
1603,229,4744.23,2025-09-10 12:01:27
1604,230,5159.67,2025-09-04 12:01:27
1605,230,5264.30,2025-09-05 12:01:27
1606,230,5253.88,2025-09-06 12:01:27
1607,230,5293.59,2025-09-07 12:01:27
1608,230,5239.03,2025-09-08 12:01:27
1609,230,5284.11,2025-09-09 12:01:27
1610,230,5187.77,2025-09-10 12:01:27
1611,231,4731.49,2025-09-04 12:01:27
1612,231,4649.21,2025-09-05 12:01:27
1613,231,4593.71,2025-09-06 12:01:27
1614,231,4677.92,2025-09-07 12:01:27
1615,231,4555.11,2025-09-08 12:01:27
1616,231,4459.17,2025-09-09 12:01:27
1617,231,4331.72,2025-09-10 12:01:27
1618,232,8302.44,2025-09-04 12:01:27
1619,232,8444.66,2025-09-05 12:01:27
1620,232,8649.21,2025-09-06 12:01:27
1621,232,8815.97,2025-09-07 12:01:27
1622,232,9023.04,2025-09-08 12:01:27
1623,232,8908.30,2025-09-09 12:01:27
1624,232,8820.63,2025-09-10 12:01:27
1625,233,8055.60,2025-09-04 12:01:27
1626,233,7908.27,2025-09-05 12:01:27
1627,233,7794.60,2025-09-06 12:01:27
1628,233,7764.90,2025-09-07 12:01:27
1629,233,7712.94,2025-09-08 12:01:27
1630,233,7650.07,2025-09-09 12:01:27
1631,233,7496.16,2025-09-10 12:01:27
1632,234,7596.54,2025-09-04 12:01:27
1633,234,7489.58,2025-09-05 12:01:27
1634,234,7696.73,2025-09-06 12:01:27
1635,234,7574.61,2025-09-07 12:01:27
1636,234,7644.41,2025-09-08 12:01:27
1637,234,7792.06,2025-09-09 12:01:27
1638,234,7965.17,2025-09-10 12:01:27
1639,235,6560.79,2025-09-04 12:01:27
1640,235,6741.54,2025-09-05 12:01:27
1641,235,6581.45,2025-09-06 12:01:27
1642,235,6686.72,2025-09-07 12:01:27
1643,235,6614.21,2025-09-08 12:01:27
1644,235,6457.96,2025-09-09 12:01:27
1645,235,6406.65,2025-09-10 12:01:27
1646,236,6548.86,2025-09-04 12:01:27
1647,236,6507.62,2025-09-05 12:01:27
1648,236,6653.07,2025-09-06 12:01:27
1649,236,6760.05,2025-09-07 12:01:27
1650,236,6895.52,2025-09-08 12:01:27
1651,236,7005.82,2025-09-09 12:01:27
1652,236,6823.51,2025-09-10 12:01:27
1653,237,6357.12,2025-09-04 12:01:27
1654,237,6366.71,2025-09-05 12:01:27
1655,237,6468.31,2025-09-06 12:01:27
1656,237,6518.00,2025-09-07 12:01:27
1657,237,6567.45,2025-09-08 12:01:27
1658,237,6701.06,2025-09-09 12:01:27
1659,237,6748.35,2025-09-10 12:01:27
1660,238,6094.16,2025-09-04 12:01:27
1661,238,6262.81,2025-09-05 12:01:27
1662,238,6163.02,2025-09-06 12:01:27
1663,238,6279.67,2025-09-07 12:01:27
1664,238,6091.61,2025-09-08 12:01:27
1665,238,5911.64,2025-09-09 12:01:27
1666,238,6006.66,2025-09-10 12:01:27
1667,239,5667.77,2025-09-04 12:01:27
1668,239,5520.94,2025-09-05 12:01:27
1669,239,5405.62,2025-09-06 12:01:27
1670,239,5451.77,2025-09-07 12:01:27
1671,239,5516.42,2025-09-08 12:01:27
1672,239,5526.83,2025-09-09 12:01:27
1673,239,5634.70,2025-09-10 12:01:27
1674,240,6148.56,2025-09-04 12:01:27
1675,240,6155.02,2025-09-05 12:01:27
1676,240,6090.72,2025-09-06 12:01:27
1677,240,6026.59,2025-09-07 12:01:27
1678,240,5854.71,2025-09-08 12:01:27
1679,240,5911.11,2025-09-09 12:01:27
1680,240,5836.91,2025-09-10 12:01:27
1681,241,1069.95,2025-09-04 12:01:27
1682,241,1060.61,2025-09-05 12:01:27
1683,241,1043.04,2025-09-06 12:01:27
1684,241,1040.46,2025-09-07 12:01:27
1685,241,1016.46,2025-09-08 12:01:27
1686,241,1014.31,2025-09-09 12:01:27
1687,241,989.93,2025-09-10 12:01:27
1688,242,1086.89,2025-09-04 12:01:27
1689,242,1066.62,2025-09-05 12:01:27
1690,242,1097.01,2025-09-06 12:01:27
1691,242,1106.34,2025-09-07 12:01:27
1692,242,1118.20,2025-09-08 12:01:27
1693,242,1132.62,2025-09-09 12:01:27
1694,242,1115.40,2025-09-10 12:01:27
1695,243,1129.14,2025-09-04 12:01:27
1696,243,1159.05,2025-09-05 12:01:27
1697,243,1163.48,2025-09-06 12:01:27
1698,243,1173.88,2025-09-07 12:01:27
1699,243,1192.35,2025-09-08 12:01:27
1700,243,1217.43,2025-09-09 12:01:27
1701,243,1247.46,2025-09-10 12:01:27
1702,244,3829.01,2025-09-04 12:01:27
1703,244,3842.96,2025-09-05 12:01:27
1704,244,3730.91,2025-09-06 12:01:27
1705,244,3805.09,2025-09-07 12:01:27
1706,244,3795.82,2025-09-08 12:01:27
1707,244,3699.31,2025-09-09 12:01:27
1708,244,3775.67,2025-09-10 12:01:27
1709,245,3675.26,2025-09-04 12:01:27
1710,245,3720.86,2025-09-05 12:01:27
1711,245,3611.85,2025-09-06 12:01:27
1712,245,3517.53,2025-09-07 12:01:27
1713,245,3442.10,2025-09-08 12:01:27
1714,245,3544.49,2025-09-09 12:01:27
1715,245,3463.11,2025-09-10 12:01:27
1716,246,3843.37,2025-09-04 12:01:27
1717,246,3930.54,2025-09-05 12:01:27
1718,246,4037.20,2025-09-06 12:01:27
1719,246,4145.80,2025-09-07 12:01:27
1720,246,4159.91,2025-09-08 12:01:27
1721,246,4051.43,2025-09-09 12:01:27
1722,246,3945.47,2025-09-10 12:01:27
1723,247,2431.63,2025-09-04 12:01:27
1724,247,2369.04,2025-09-05 12:01:27
1725,247,2434.97,2025-09-06 12:01:27
1726,247,2442.42,2025-09-07 12:01:27
1727,247,2490.29,2025-09-08 12:01:27
1728,247,2468.22,2025-09-09 12:01:27
1729,247,2512.88,2025-09-10 12:01:27
1730,248,2594.37,2025-09-04 12:01:27
1731,248,2550.94,2025-09-05 12:01:27
1732,248,2538.18,2025-09-06 12:01:27
1733,248,2542.77,2025-09-07 12:01:27
1734,248,2486.86,2025-09-08 12:01:27
1735,248,2450.92,2025-09-09 12:01:27
1736,248,2485.92,2025-09-10 12:01:27
1737,249,2498.65,2025-09-04 12:01:27
1738,249,2541.99,2025-09-05 12:01:27
1739,249,2468.43,2025-09-06 12:01:27
1740,249,2492.98,2025-09-07 12:01:27
1741,249,2531.33,2025-09-08 12:01:27
1742,249,2456.18,2025-09-09 12:01:27
1743,249,2395.86,2025-09-10 12:01:27
1744,250,5894.03,2025-09-04 12:01:27
1745,250,5977.84,2025-09-05 12:01:27
1746,250,6125.99,2025-09-06 12:01:27
1747,250,6130.91,2025-09-07 12:01:27
1748,250,5986.70,2025-09-08 12:01:27
1749,250,6008.26,2025-09-09 12:01:27
1750,250,6113.25,2025-09-10 12:01:27
1751,251,5734.77,2025-09-04 12:01:27
1752,251,5897.11,2025-09-05 12:01:27
1753,251,5796.87,2025-09-06 12:01:27
1754,251,5923.68,2025-09-07 12:01:27
1755,251,5902.14,2025-09-08 12:01:27
1756,251,5766.45,2025-09-09 12:01:27
1757,251,5656.79,2025-09-10 12:01:27
1758,252,5747.05,2025-09-04 12:01:27
1759,252,5868.46,2025-09-05 12:01:27
1760,252,5813.93,2025-09-06 12:01:27
1761,252,5866.68,2025-09-07 12:01:27
1762,252,5806.35,2025-09-08 12:01:27
1763,252,5868.13,2025-09-09 12:01:27
1764,252,5743.91,2025-09-10 12:01:27
1765,253,7911.51,2025-09-04 12:01:27
1766,253,7700.29,2025-09-05 12:01:27
1767,253,7481.31,2025-09-06 12:01:27
1768,253,7498.69,2025-09-07 12:01:27
1769,253,7314.10,2025-09-08 12:01:27
1770,253,7336.77,2025-09-09 12:01:27
1771,253,7391.59,2025-09-10 12:01:27
1772,254,8282.00,2025-09-04 12:01:27
1773,254,8343.21,2025-09-05 12:01:27
1774,254,8427.10,2025-09-06 12:01:27
1775,254,8426.18,2025-09-07 12:01:27
1776,254,8504.01,2025-09-08 12:01:27
1777,254,8733.00,2025-09-09 12:01:27
1778,254,8692.46,2025-09-10 12:01:27
1779,255,7874.65,2025-09-04 12:01:27
1780,255,7859.73,2025-09-05 12:01:27
1781,255,7739.42,2025-09-06 12:01:27
1782,255,7735.14,2025-09-07 12:01:27
1783,255,7664.61,2025-09-08 12:01:27
1784,255,7524.29,2025-09-09 12:01:27
1785,255,7747.43,2025-09-10 12:01:27
1786,256,6949.21,2025-09-04 12:01:27
1787,256,6767.13,2025-09-05 12:01:27
1788,256,6616.41,2025-09-06 12:01:27
1789,256,6809.15,2025-09-07 12:01:27
1790,256,6741.60,2025-09-08 12:01:27
1791,256,6733.63,2025-09-09 12:01:27
1792,256,6792.54,2025-09-10 12:01:27
1793,257,7056.38,2025-09-04 12:01:27
1794,257,7054.03,2025-09-05 12:01:27
1795,257,7195.43,2025-09-06 12:01:27
1796,257,7238.54,2025-09-07 12:01:27
1797,257,7418.45,2025-09-08 12:01:27
1798,257,7462.54,2025-09-09 12:01:27
1799,257,7404.56,2025-09-10 12:01:27
1800,258,6799.81,2025-09-04 12:01:27
1801,258,6999.85,2025-09-05 12:01:27
1802,258,6992.82,2025-09-06 12:01:27
1803,258,6938.35,2025-09-07 12:01:27
1804,258,6920.68,2025-09-08 12:01:27
1805,258,7113.44,2025-09-09 12:01:27
1806,258,7136.83,2025-09-10 12:01:27
1807,259,2761.31,2025-09-04 12:01:27
1808,259,2697.57,2025-09-05 12:01:27
1809,259,2655.42,2025-09-06 12:01:27
1810,259,2672.97,2025-09-07 12:01:27
1811,259,2657.79,2025-09-08 12:01:27
1812,259,2604.44,2025-09-09 12:01:27
1813,259,2548.13,2025-09-10 12:01:27
1814,260,2525.33,2025-09-04 12:01:27
1815,260,2503.95,2025-09-05 12:01:27
1816,260,2547.34,2025-09-06 12:01:27
1817,260,2519.34,2025-09-07 12:01:27
1818,260,2554.57,2025-09-08 12:01:27
1819,260,2599.02,2025-09-09 12:01:27
1820,260,2544.15,2025-09-10 12:01:27
1821,261,2437.30,2025-09-04 12:01:27
1822,261,2377.20,2025-09-05 12:01:27
1823,261,2414.65,2025-09-06 12:01:27
1824,261,2402.76,2025-09-07 12:01:27
1825,261,2449.87,2025-09-08 12:01:27
1826,261,2385.30,2025-09-09 12:01:27
1827,261,2456.80,2025-09-10 12:01:27
1828,262,6437.50,2025-09-04 12:01:27
1829,262,6245.53,2025-09-05 12:01:27
1830,262,6070.61,2025-09-06 12:01:27
1831,262,5915.18,2025-09-07 12:01:27
1832,262,5907.04,2025-09-08 12:01:27
1833,262,5955.25,2025-09-09 12:01:27
1834,262,5954.64,2025-09-10 12:01:27
1835,263,6648.53,2025-09-04 12:01:27
1836,263,6685.38,2025-09-05 12:01:27
1837,263,6660.51,2025-09-06 12:01:27
1838,263,6715.80,2025-09-07 12:01:27
1839,263,6867.29,2025-09-08 12:01:27
1840,263,6726.24,2025-09-09 12:01:27
1841,263,6774.14,2025-09-10 12:01:27
1842,264,6628.39,2025-09-04 12:01:27
1843,264,6463.37,2025-09-05 12:01:27
1844,264,6571.36,2025-09-06 12:01:27
1845,264,6467.58,2025-09-07 12:01:27
1846,264,6408.98,2025-09-08 12:01:27
1847,264,6470.87,2025-09-09 12:01:27
1848,264,6613.82,2025-09-10 12:01:27
1849,265,1896.33,2025-09-04 12:01:27
1850,265,1880.50,2025-09-05 12:01:27
1851,265,1842.14,2025-09-06 12:01:27
1852,265,1792.80,2025-09-07 12:01:27
1853,265,1811.91,2025-09-08 12:01:27
1854,265,1790.51,2025-09-09 12:01:27
1855,265,1778.72,2025-09-10 12:01:27
1856,266,2124.00,2025-09-04 12:01:27
1857,266,2088.81,2025-09-05 12:01:27
1858,266,2129.56,2025-09-06 12:01:27
1859,266,2097.53,2025-09-07 12:01:27
1860,266,2038.55,2025-09-08 12:01:27
1861,266,1993.58,2025-09-09 12:01:27
1862,266,1942.26,2025-09-10 12:01:27
1863,267,1948.48,2025-09-04 12:01:27
1864,267,1927.49,2025-09-05 12:01:27
1865,267,1947.44,2025-09-06 12:01:27
1866,267,1946.97,2025-09-07 12:01:27
1867,267,1894.96,2025-09-08 12:01:27
1868,267,1863.26,2025-09-09 12:01:27
1869,267,1822.69,2025-09-10 12:01:27
1870,268,5794.86,2025-09-04 12:01:27
1871,268,5692.54,2025-09-05 12:01:27
1872,268,5815.63,2025-09-06 12:01:27
1873,268,5752.00,2025-09-07 12:01:27
1874,268,5637.06,2025-09-08 12:01:27
1875,268,5604.06,2025-09-09 12:01:27
1876,268,5436.32,2025-09-10 12:01:27
1877,269,5756.67,2025-09-04 12:01:27
1878,269,5826.54,2025-09-05 12:01:27
1879,269,5907.91,2025-09-06 12:01:27
1880,269,6017.10,2025-09-07 12:01:27
1881,269,5886.47,2025-09-08 12:01:27
1882,269,5759.90,2025-09-09 12:01:27
1883,269,5637.86,2025-09-10 12:01:27
1884,270,6323.15,2025-09-04 12:01:27
1885,270,6392.45,2025-09-05 12:01:27
1886,270,6322.28,2025-09-06 12:01:27
1887,270,6291.27,2025-09-07 12:01:27
1888,270,6250.07,2025-09-08 12:01:27
1889,270,6281.64,2025-09-09 12:01:27
1890,270,6195.67,2025-09-10 12:01:27
1891,271,5636.70,2025-09-04 12:01:27
1892,271,5569.31,2025-09-05 12:01:27
1893,271,5677.66,2025-09-06 12:01:27
1894,271,5560.25,2025-09-07 12:01:27
1895,271,5634.92,2025-09-08 12:01:27
1896,271,5568.72,2025-09-09 12:01:27
1897,271,5590.87,2025-09-10 12:01:27
1898,272,5347.02,2025-09-04 12:01:27
1899,272,5229.92,2025-09-05 12:01:27
1900,272,5292.89,2025-09-06 12:01:27
1901,272,5330.56,2025-09-07 12:01:27
1902,272,5205.04,2025-09-08 12:01:27
1903,272,5217.33,2025-09-09 12:01:27
1904,272,5071.40,2025-09-10 12:01:27
1905,273,6442.02,2025-09-04 12:01:27
1906,273,6324.52,2025-09-05 12:01:27
1907,273,6364.36,2025-09-06 12:01:27
1908,273,6321.86,2025-09-07 12:01:27
1909,273,6280.30,2025-09-08 12:01:27
1910,273,6194.47,2025-09-09 12:01:27
1911,273,6121.12,2025-09-10 12:01:27
1912,274,6339.31,2025-09-04 12:01:27
1913,274,6436.92,2025-09-05 12:01:27
1914,274,6251.25,2025-09-06 12:01:27
1915,274,6203.63,2025-09-07 12:01:27
1916,274,6299.85,2025-09-08 12:01:27
1917,274,6330.24,2025-09-09 12:01:27
1918,274,6459.41,2025-09-10 12:01:27
1919,275,6177.87,2025-09-04 12:01:27
1920,275,6280.41,2025-09-05 12:01:27
1921,275,6163.05,2025-09-06 12:01:27
1922,275,5996.59,2025-09-07 12:01:27
1923,275,5867.37,2025-09-08 12:01:27
1924,275,5777.85,2025-09-09 12:01:27
1925,275,5866.97,2025-09-10 12:01:27
1926,276,6452.35,2025-09-04 12:01:27
1927,276,6575.20,2025-09-05 12:01:27
1928,276,6448.56,2025-09-06 12:01:27
1929,276,6565.43,2025-09-07 12:01:27
1930,276,6477.53,2025-09-08 12:01:27
1931,276,6596.06,2025-09-09 12:01:27
1932,276,6724.86,2025-09-10 12:01:27
1933,277,3508.31,2025-09-04 12:01:27
1934,277,3482.81,2025-09-05 12:01:27
1935,277,3502.68,2025-09-06 12:01:27
1936,277,3546.67,2025-09-07 12:01:27
1937,277,3533.72,2025-09-08 12:01:27
1938,277,3638.45,2025-09-09 12:01:27
1939,277,3551.47,2025-09-10 12:01:27
1940,278,3911.00,2025-09-04 12:01:27
1941,278,4011.56,2025-09-05 12:01:27
1942,278,3947.70,2025-09-06 12:01:27
1943,278,3972.03,2025-09-07 12:01:27
1944,278,3997.83,2025-09-08 12:01:27
1945,278,4091.70,2025-09-09 12:01:27
1946,278,4008.64,2025-09-10 12:01:27
1947,279,3579.15,2025-09-04 12:01:27
1948,279,3597.64,2025-09-05 12:01:27
1949,279,3697.77,2025-09-06 12:01:27
1950,279,3690.45,2025-09-07 12:01:27
1951,279,3609.10,2025-09-08 12:01:27
1952,279,3675.44,2025-09-09 12:01:27
1953,279,3617.25,2025-09-10 12:01:27
1954,280,1894.42,2025-09-04 12:01:27
1955,280,1873.74,2025-09-05 12:01:27
1956,280,1837.85,2025-09-06 12:01:27
1957,280,1829.94,2025-09-07 12:01:27
1958,280,1778.38,2025-09-08 12:01:27
1959,280,1757.26,2025-09-09 12:01:27
1960,280,1764.37,2025-09-10 12:01:27
1961,281,1769.82,2025-09-04 12:01:27
1962,281,1724.25,2025-09-05 12:01:27
1963,281,1732.76,2025-09-06 12:01:27
1964,281,1710.54,2025-09-07 12:01:27
1965,281,1711.04,2025-09-08 12:01:27
1966,281,1687.61,2025-09-09 12:01:27
1967,281,1731.39,2025-09-10 12:01:27
1968,282,2020.55,2025-09-04 12:01:27
1969,282,1975.63,2025-09-05 12:01:27
1970,282,2022.94,2025-09-06 12:01:27
1971,282,2013.16,2025-09-07 12:01:27
1972,282,2041.96,2025-09-08 12:01:27
1973,282,2034.60,2025-09-09 12:01:27
1974,282,2062.80,2025-09-10 12:01:27
1975,283,3004.90,2025-09-04 12:01:27
1976,283,2946.70,2025-09-05 12:01:27
1977,283,2974.29,2025-09-06 12:01:27
1978,283,2998.39,2025-09-07 12:01:27
1979,283,3084.74,2025-09-08 12:01:27
1980,283,3133.31,2025-09-09 12:01:27
1981,283,3060.99,2025-09-10 12:01:27
1982,284,2792.69,2025-09-04 12:01:27
1983,284,2815.07,2025-09-05 12:01:27
1984,284,2777.46,2025-09-06 12:01:27
1985,284,2821.73,2025-09-07 12:01:27
1986,284,2826.28,2025-09-08 12:01:27
1987,284,2791.43,2025-09-09 12:01:27
1988,284,2869.62,2025-09-10 12:01:27
1989,285,2941.18,2025-09-04 12:01:27
1990,285,2998.12,2025-09-05 12:01:27
1991,285,3066.45,2025-09-06 12:01:27
1992,285,3081.06,2025-09-07 12:01:27
1993,285,3166.89,2025-09-08 12:01:27
1994,285,3161.34,2025-09-09 12:01:27
1995,285,3161.76,2025-09-10 12:01:27
1996,286,7446.80,2025-09-04 12:01:27
1997,286,7228.71,2025-09-05 12:01:27
1998,286,7409.00,2025-09-06 12:01:27
1999,286,7586.22,2025-09-07 12:01:27
2000,286,7515.12,2025-09-08 12:01:27
2001,286,7466.32,2025-09-09 12:01:27
2002,286,7262.27,2025-09-10 12:01:27
2003,287,6682.46,2025-09-04 12:01:27
2004,287,6640.20,2025-09-05 12:01:27
2005,287,6606.17,2025-09-06 12:01:27
2006,287,6695.76,2025-09-07 12:01:27
2007,287,6740.76,2025-09-08 12:01:27
2008,287,6736.57,2025-09-09 12:01:27
2009,287,6804.38,2025-09-10 12:01:27
2010,288,6651.75,2025-09-04 12:01:27
2011,288,6547.98,2025-09-05 12:01:27
2012,288,6564.32,2025-09-06 12:01:27
2013,288,6574.92,2025-09-07 12:01:27
2014,288,6710.94,2025-09-08 12:01:27
2015,288,6514.25,2025-09-09 12:01:27
2016,288,6463.34,2025-09-10 12:01:27
2017,289,6566.28,2025-09-04 12:01:27
2018,289,6747.66,2025-09-05 12:01:27
2019,289,6658.86,2025-09-06 12:01:27
2020,289,6527.35,2025-09-07 12:01:27
2021,289,6438.27,2025-09-08 12:01:27
2022,289,6588.38,2025-09-09 12:01:27
2023,289,6703.98,2025-09-10 12:01:27
2024,290,6712.77,2025-09-04 12:01:27
2025,290,6885.47,2025-09-05 12:01:27
2026,290,7054.78,2025-09-06 12:01:27
2027,290,7261.57,2025-09-07 12:01:27
2028,290,7084.91,2025-09-08 12:01:27
2029,290,7035.64,2025-09-09 12:01:27
2030,290,7033.67,2025-09-10 12:01:27
2031,291,6304.08,2025-09-04 12:01:27
2032,291,6145.93,2025-09-05 12:01:27
2033,291,6285.14,2025-09-06 12:01:27
2034,291,6312.28,2025-09-07 12:01:27
2035,291,6342.31,2025-09-08 12:01:27
2036,291,6406.32,2025-09-09 12:01:27
2037,291,6310.52,2025-09-10 12:01:27
2038,292,8452.03,2025-09-04 12:01:27
2039,292,8512.71,2025-09-05 12:01:27
2040,292,8541.55,2025-09-06 12:01:27
2041,292,8544.06,2025-09-07 12:01:27
2042,292,8622.76,2025-09-08 12:01:27
2043,292,8810.96,2025-09-09 12:01:27
2044,292,8930.49,2025-09-10 12:01:27
2045,293,8752.25,2025-09-04 12:01:27
2046,293,8737.56,2025-09-05 12:01:27
2047,293,8997.65,2025-09-06 12:01:27
2048,293,9122.08,2025-09-07 12:01:27
2049,293,9045.47,2025-09-08 12:01:27
2050,293,9058.33,2025-09-09 12:01:27
2051,293,8826.03,2025-09-10 12:01:27
2052,294,8296.67,2025-09-04 12:01:27
2053,294,8490.89,2025-09-05 12:01:27
2054,294,8320.74,2025-09-06 12:01:27
2055,294,8329.66,2025-09-07 12:01:27
2056,294,8131.58,2025-09-08 12:01:27
2057,294,8234.93,2025-09-09 12:01:27
2058,294,8068.78,2025-09-10 12:01:27
2059,295,4308.37,2025-09-04 12:01:27
2060,295,4334.72,2025-09-05 12:01:27
2061,295,4370.38,2025-09-06 12:01:27
2062,295,4267.99,2025-09-07 12:01:27
2063,295,4206.15,2025-09-08 12:01:27
2064,295,4246.53,2025-09-09 12:01:27
2065,295,4133.18,2025-09-10 12:01:27
2066,296,5184.26,2025-09-04 12:01:27
2067,296,5231.04,2025-09-05 12:01:27
2068,296,5173.82,2025-09-06 12:01:27
2069,296,5240.97,2025-09-07 12:01:27
2070,296,5312.94,2025-09-08 12:01:27
2071,296,5305.39,2025-09-09 12:01:27
2072,296,5236.41,2025-09-10 12:01:27
2073,297,4554.00,2025-09-04 12:01:27
2074,297,4633.79,2025-09-05 12:01:27
2075,297,4680.32,2025-09-06 12:01:27
2076,297,4686.25,2025-09-07 12:01:27
2077,297,4818.64,2025-09-08 12:01:27
2078,297,4931.92,2025-09-09 12:01:27
2079,297,4839.13,2025-09-10 12:01:27
2080,298,5042.06,2025-09-04 12:01:27
2081,298,4989.41,2025-09-05 12:01:27
2082,298,4890.40,2025-09-06 12:01:27
2083,298,4938.99,2025-09-07 12:01:27
2084,298,5021.77,2025-09-08 12:01:27
2085,298,4966.51,2025-09-09 12:01:27
2086,298,4961.07,2025-09-10 12:01:27
2087,299,4818.72,2025-09-04 12:01:27
2088,299,4833.43,2025-09-05 12:01:27
2089,299,4874.71,2025-09-06 12:01:27
2090,299,4730.59,2025-09-07 12:01:27
2091,299,4693.47,2025-09-08 12:01:27
2092,299,4713.51,2025-09-09 12:01:27
2093,299,4668.25,2025-09-10 12:01:27
2094,300,4890.29,2025-09-04 12:01:27
2095,300,5000.17,2025-09-05 12:01:27
2096,300,4953.68,2025-09-06 12:01:27
2097,300,4982.64,2025-09-07 12:01:27
2098,300,4973.10,2025-09-08 12:01:27
2099,300,4906.73,2025-09-09 12:01:27
2100,300,4846.37,2025-09-10 12:01:27
2101,301,6390.75,2025-09-04 12:01:27
2102,301,6471.22,2025-09-05 12:01:27
2103,301,6616.63,2025-09-06 12:01:27
2104,301,6689.29,2025-09-07 12:01:27
2105,301,6496.62,2025-09-08 12:01:27
2106,301,6433.37,2025-09-09 12:01:27
2107,301,6248.11,2025-09-10 12:01:27
2108,302,6807.78,2025-09-04 12:01:27
2109,302,6784.04,2025-09-05 12:01:27
2110,302,6811.75,2025-09-06 12:01:27
2111,302,6841.99,2025-09-07 12:01:27
2112,302,6769.32,2025-09-08 12:01:27
2113,302,6718.91,2025-09-09 12:01:27
2114,302,6753.93,2025-09-10 12:01:27
2115,303,6472.67,2025-09-04 12:01:27
2116,303,6420.22,2025-09-05 12:01:27
2117,303,6548.03,2025-09-06 12:01:27
2118,303,6653.92,2025-09-07 12:01:27
2119,303,6831.95,2025-09-08 12:01:27
2120,303,6861.74,2025-09-09 12:01:27
2121,303,7030.58,2025-09-10 12:01:27
2122,304,6941.58,2025-09-04 12:01:27
2123,304,7010.40,2025-09-05 12:01:27
2124,304,7006.48,2025-09-06 12:01:27
2125,304,7137.80,2025-09-07 12:01:27
2126,304,7038.11,2025-09-08 12:01:27
2127,304,6978.22,2025-09-09 12:01:27
2128,304,7029.52,2025-09-10 12:01:27
2129,305,6480.82,2025-09-04 12:01:27
2130,305,6375.94,2025-09-05 12:01:27
2131,305,6293.87,2025-09-06 12:01:27
2132,305,6385.46,2025-09-07 12:01:27
2133,305,6428.28,2025-09-08 12:01:27
2134,305,6336.79,2025-09-09 12:01:27
2135,305,6345.74,2025-09-10 12:01:27
2136,306,6579.24,2025-09-04 12:01:27
2137,306,6676.92,2025-09-05 12:01:27
2138,306,6831.79,2025-09-06 12:01:27
2139,306,6681.34,2025-09-07 12:01:27
2140,306,6544.56,2025-09-08 12:01:27
2141,306,6551.21,2025-09-09 12:01:27
2142,306,6510.71,2025-09-10 12:01:27
2143,307,6855.76,2025-09-04 12:01:27
2144,307,6904.22,2025-09-05 12:01:27
2145,307,7111.31,2025-09-06 12:01:27
2146,307,7205.81,2025-09-07 12:01:27
2147,307,7352.59,2025-09-08 12:01:27
2148,307,7286.99,2025-09-09 12:01:27
2149,307,7378.68,2025-09-10 12:01:27
2150,308,6899.84,2025-09-04 12:01:27
2151,308,6764.98,2025-09-05 12:01:27
2152,308,6751.31,2025-09-06 12:01:27
2153,308,6847.26,2025-09-07 12:01:27
2154,308,7000.32,2025-09-08 12:01:27
2155,308,7151.87,2025-09-09 12:01:27
2156,308,7283.41,2025-09-10 12:01:27
2157,309,6618.91,2025-09-04 12:01:27
2158,309,6601.43,2025-09-05 12:01:27
2159,309,6490.75,2025-09-06 12:01:27
2160,309,6337.65,2025-09-07 12:01:27
2161,309,6314.36,2025-09-08 12:01:27
2162,309,6307.79,2025-09-09 12:01:27
2163,309,6436.74,2025-09-10 12:01:27
2164,310,7081.72,2025-09-04 12:01:27
2165,310,6998.67,2025-09-05 12:01:27
2166,310,6990.76,2025-09-06 12:01:27
2167,310,6961.74,2025-09-07 12:01:27
2168,310,6803.56,2025-09-08 12:01:27
2169,310,6713.03,2025-09-09 12:01:27
2170,310,6547.41,2025-09-10 12:01:27
2171,311,7269.89,2025-09-04 12:01:27
2172,311,7426.88,2025-09-05 12:01:27
2173,311,7636.76,2025-09-06 12:01:27
2174,311,7852.88,2025-09-07 12:01:27
2175,311,8002.05,2025-09-08 12:01:27
2176,311,7888.35,2025-09-09 12:01:27
2177,311,8040.29,2025-09-10 12:01:27
2178,312,7329.26,2025-09-04 12:01:27
2179,312,7174.78,2025-09-05 12:01:27
2180,312,7191.37,2025-09-06 12:01:27
2181,312,7359.29,2025-09-07 12:01:27
2182,312,7563.02,2025-09-08 12:01:27
2183,312,7477.48,2025-09-09 12:01:27
2184,312,7643.41,2025-09-10 12:01:27
2185,313,7305.34,2025-09-04 12:01:27
2186,313,7214.69,2025-09-05 12:01:27
2187,313,7384.14,2025-09-06 12:01:27
2188,313,7493.54,2025-09-07 12:01:27
2189,313,7568.28,2025-09-08 12:01:27
2190,313,7493.21,2025-09-09 12:01:27
2191,313,7600.18,2025-09-10 12:01:27
2192,314,7888.25,2025-09-04 12:01:27
2193,314,7692.29,2025-09-05 12:01:27
2194,314,7498.78,2025-09-06 12:01:27
2195,314,7333.76,2025-09-07 12:01:27
2196,314,7119.99,2025-09-08 12:01:27
2197,314,7135.22,2025-09-09 12:01:27
2198,314,6937.22,2025-09-10 12:01:27
2199,315,7508.00,2025-09-04 12:01:27
2200,315,7504.02,2025-09-05 12:01:27
2201,315,7444.85,2025-09-06 12:01:27
2202,315,7437.06,2025-09-07 12:01:27
2203,315,7638.64,2025-09-08 12:01:27
2204,315,7863.47,2025-09-09 12:01:27
2205,315,7918.58,2025-09-10 12:01:27
2206,316,2867.78,2025-09-04 12:01:27
2207,316,2850.68,2025-09-05 12:01:27
2208,316,2885.13,2025-09-06 12:01:27
2209,316,2956.12,2025-09-07 12:01:27
2210,316,2881.05,2025-09-08 12:01:27
2211,316,2868.50,2025-09-09 12:01:27
2212,316,2893.15,2025-09-10 12:01:27
2213,317,2667.55,2025-09-04 12:01:27
2214,317,2698.42,2025-09-05 12:01:27
2215,317,2656.20,2025-09-06 12:01:27
2216,317,2645.28,2025-09-07 12:01:27
2217,317,2631.58,2025-09-08 12:01:27
2218,317,2671.85,2025-09-09 12:01:27
2219,317,2748.97,2025-09-10 12:01:27
2220,318,2613.69,2025-09-04 12:01:27
2221,318,2620.45,2025-09-05 12:01:27
2222,318,2662.65,2025-09-06 12:01:27
2223,318,2587.00,2025-09-07 12:01:27
2224,318,2663.76,2025-09-08 12:01:27
2225,318,2621.12,2025-09-09 12:01:27
2226,318,2635.66,2025-09-10 12:01:27
2227,319,1845.39,2025-09-04 12:01:27
2228,319,1866.54,2025-09-05 12:01:27
2229,319,1812.41,2025-09-06 12:01:27
2230,319,1767.00,2025-09-07 12:01:27
2231,319,1746.17,2025-09-08 12:01:27
2232,319,1781.49,2025-09-09 12:01:27
2233,319,1816.87,2025-09-10 12:01:27
2234,320,1862.41,2025-09-04 12:01:27
2235,320,1841.30,2025-09-05 12:01:27
2236,320,1804.28,2025-09-06 12:01:27
2237,320,1758.19,2025-09-07 12:01:27
2238,320,1731.99,2025-09-08 12:01:27
2239,320,1683.92,2025-09-09 12:01:27
2240,320,1710.22,2025-09-10 12:01:27
2241,321,1732.89,2025-09-04 12:01:27
2242,321,1780.60,2025-09-05 12:01:27
2243,321,1808.36,2025-09-06 12:01:27
2244,321,1837.13,2025-09-07 12:01:27
2245,321,1871.85,2025-09-08 12:01:27
2246,321,1917.41,2025-09-09 12:01:27
2247,321,1904.94,2025-09-10 12:01:27
2248,322,1641.15,2025-09-04 12:01:27
2249,322,1679.19,2025-09-05 12:01:27
2250,322,1657.22,2025-09-06 12:01:27
2251,322,1619.39,2025-09-07 12:01:27
2252,322,1589.18,2025-09-08 12:01:27
2253,322,1604.70,2025-09-09 12:01:27
2254,322,1562.48,2025-09-10 12:01:27
2255,323,1669.10,2025-09-04 12:01:27
2256,323,1653.44,2025-09-05 12:01:27
2257,323,1685.66,2025-09-06 12:01:27
2258,323,1702.73,2025-09-07 12:01:27
2259,323,1687.75,2025-09-08 12:01:27
2260,323,1709.86,2025-09-09 12:01:27
2261,323,1753.24,2025-09-10 12:01:27
2262,324,1621.98,2025-09-04 12:01:27
2263,324,1595.63,2025-09-05 12:01:27
2264,324,1588.76,2025-09-06 12:01:27
2265,324,1594.83,2025-09-07 12:01:27
2266,324,1556.77,2025-09-08 12:01:27
2267,324,1578.88,2025-09-09 12:01:27
2268,324,1536.12,2025-09-10 12:01:27
2269,325,9123.60,2025-09-04 12:01:27
2270,325,9355.35,2025-09-05 12:01:27
2271,325,9267.59,2025-09-06 12:01:27
2272,325,9304.34,2025-09-07 12:01:27
2273,325,9263.71,2025-09-08 12:01:27
2274,325,9525.70,2025-09-09 12:01:27
2275,325,9508.17,2025-09-10 12:01:27
2276,326,8630.17,2025-09-04 12:01:27
2277,326,8453.28,2025-09-05 12:01:27
2278,326,8318.08,2025-09-06 12:01:27
2279,326,8290.45,2025-09-07 12:01:27
2280,326,8426.84,2025-09-08 12:01:27
2281,326,8175.36,2025-09-09 12:01:27
2282,326,7984.55,2025-09-10 12:01:27
2283,327,9363.84,2025-09-04 12:01:27
2284,327,9591.36,2025-09-05 12:01:27
2285,327,9399.33,2025-09-06 12:01:27
2286,327,9421.89,2025-09-07 12:01:27
2287,327,9280.15,2025-09-08 12:01:27
2288,327,9411.24,2025-09-09 12:01:27
2289,327,9621.95,2025-09-10 12:01:27
2290,328,6870.76,2025-09-04 12:01:27
2291,328,6734.59,2025-09-05 12:01:27
2292,328,6554.13,2025-09-06 12:01:27
2293,328,6697.89,2025-09-07 12:01:27
2294,328,6764.11,2025-09-08 12:01:27
2295,328,6896.22,2025-09-09 12:01:27
2296,328,6790.51,2025-09-10 12:01:27
2297,329,7478.28,2025-09-04 12:01:27
2298,329,7283.56,2025-09-05 12:01:27
2299,329,7290.77,2025-09-06 12:01:27
2300,329,7266.00,2025-09-07 12:01:27
2301,329,7118.74,2025-09-08 12:01:27
2302,329,6933.68,2025-09-09 12:01:27
2303,329,6806.78,2025-09-10 12:01:27
2304,330,7519.54,2025-09-04 12:01:27
2305,330,7445.75,2025-09-05 12:01:27
2306,330,7484.78,2025-09-06 12:01:27
2307,330,7405.96,2025-09-07 12:01:27
2308,330,7249.21,2025-09-08 12:01:27
2309,330,7099.24,2025-09-09 12:01:27
2310,330,7058.81,2025-09-10 12:01:27
2311,331,4479.52,2025-09-04 12:01:27
2312,331,4540.98,2025-09-05 12:01:27
2313,331,4551.95,2025-09-06 12:01:27
2314,331,4437.91,2025-09-07 12:01:27
2315,331,4504.90,2025-09-08 12:01:27
2316,331,4381.69,2025-09-09 12:01:27
2317,331,4425.85,2025-09-10 12:01:27
2318,332,4615.93,2025-09-04 12:01:27
2319,332,4516.46,2025-09-05 12:01:27
2320,332,4650.23,2025-09-06 12:01:27
2321,332,4656.52,2025-09-07 12:01:27
2322,332,4745.88,2025-09-08 12:01:27
2323,332,4671.33,2025-09-09 12:01:27
2324,332,4599.63,2025-09-10 12:01:27
2325,333,4726.59,2025-09-04 12:01:27
2326,333,4772.28,2025-09-05 12:01:27
2327,333,4878.70,2025-09-06 12:01:27
2328,333,4942.30,2025-09-07 12:01:27
2329,333,5069.36,2025-09-08 12:01:27
2330,333,5021.29,2025-09-09 12:01:27
2331,333,5158.98,2025-09-10 12:01:27
2332,334,3662.70,2025-09-04 12:01:27
2333,334,3709.95,2025-09-05 12:01:27
2334,334,3714.64,2025-09-06 12:01:27
2335,334,3633.92,2025-09-07 12:01:27
2336,334,3569.43,2025-09-08 12:01:27
2337,334,3578.56,2025-09-09 12:01:27
2338,334,3631.40,2025-09-10 12:01:27
2339,335,3524.66,2025-09-04 12:01:27
2340,335,3451.87,2025-09-05 12:01:27
2341,335,3365.75,2025-09-06 12:01:27
2342,335,3443.84,2025-09-07 12:01:27
2343,335,3488.60,2025-09-08 12:01:27
2344,335,3503.69,2025-09-09 12:01:27
2345,335,3601.16,2025-09-10 12:01:27
2346,336,3541.49,2025-09-04 12:01:27
2347,336,3464.77,2025-09-05 12:01:27
2348,336,3521.97,2025-09-06 12:01:27
2349,336,3572.06,2025-09-07 12:01:27
2350,336,3635.70,2025-09-08 12:01:27
2351,336,3537.14,2025-09-09 12:01:27
2352,336,3526.81,2025-09-10 12:01:27
2353,337,7126.83,2025-09-04 12:01:27
2354,337,6913.16,2025-09-05 12:01:27
2355,337,6803.62,2025-09-06 12:01:27
2356,337,6724.59,2025-09-07 12:01:27
2357,337,6890.93,2025-09-08 12:01:27
2358,337,6846.01,2025-09-09 12:01:27
2359,337,6718.98,2025-09-10 12:01:27
2360,338,7293.02,2025-09-04 12:01:27
2361,338,7198.79,2025-09-05 12:01:27
2362,338,7178.76,2025-09-06 12:01:27
2363,338,7175.96,2025-09-07 12:01:27
2364,338,7390.52,2025-09-08 12:01:27
2365,338,7555.39,2025-09-09 12:01:27
2366,338,7466.12,2025-09-10 12:01:27
2367,339,7149.13,2025-09-04 12:01:27
2368,339,7151.23,2025-09-05 12:01:27
2369,339,7032.29,2025-09-06 12:01:27
2370,339,7149.31,2025-09-07 12:01:27
2371,339,7014.10,2025-09-08 12:01:27
2372,339,7165.24,2025-09-09 12:01:27
2373,339,7178.04,2025-09-10 12:01:27
2374,340,6659.65,2025-09-04 12:01:27
2375,340,6669.30,2025-09-05 12:01:27
2376,340,6854.06,2025-09-06 12:01:27
2377,340,6836.47,2025-09-07 12:01:27
2378,340,6994.45,2025-09-08 12:01:27
2379,340,7011.39,2025-09-09 12:01:27
2380,340,6992.78,2025-09-10 12:01:27
2381,341,5783.98,2025-09-04 12:01:27
2382,341,5617.07,2025-09-05 12:01:27
2383,341,5512.44,2025-09-06 12:01:27
2384,341,5626.09,2025-09-07 12:01:27
2385,341,5541.43,2025-09-08 12:01:27
2386,341,5545.76,2025-09-09 12:01:27
2387,341,5590.58,2025-09-10 12:01:27
2388,342,5871.17,2025-09-04 12:01:27
2389,342,5877.93,2025-09-05 12:01:27
2390,342,5992.97,2025-09-06 12:01:27
2391,342,5933.27,2025-09-07 12:01:27
2392,342,5788.47,2025-09-08 12:01:27
2393,342,5771.66,2025-09-09 12:01:27
2394,342,5662.26,2025-09-10 12:01:27
2395,343,1017.75,2025-09-04 12:01:27
2396,343,1003.13,2025-09-05 12:01:27
2397,343,1000.76,2025-09-06 12:01:27
2398,343,995.07,2025-09-07 12:01:27
2399,343,1020.86,2025-09-08 12:01:27
2400,343,1036.61,2025-09-09 12:01:27
2401,343,1012.57,2025-09-10 12:01:27
2402,344,1047.49,2025-09-04 12:01:27
2403,344,1077.75,2025-09-05 12:01:27
2404,344,1095.90,2025-09-06 12:01:27
2405,344,1113.00,2025-09-07 12:01:27
2406,344,1124.16,2025-09-08 12:01:27
2407,344,1110.69,2025-09-09 12:01:27
2408,344,1102.94,2025-09-10 12:01:27
2409,345,1054.87,2025-09-04 12:01:27
2410,345,1044.77,2025-09-05 12:01:27
2411,345,1053.57,2025-09-06 12:01:27
2412,345,1039.94,2025-09-07 12:01:27
2413,345,1029.58,2025-09-08 12:01:27
2414,345,1045.63,2025-09-09 12:01:27
2415,345,1020.76,2025-09-10 12:01:27
2416,346,5505.94,2025-09-04 12:01:27
2417,346,5611.27,2025-09-05 12:01:27
2418,346,5684.38,2025-09-06 12:01:27
2419,346,5537.19,2025-09-07 12:01:27
2420,346,5535.15,2025-09-08 12:01:27
2421,346,5684.53,2025-09-09 12:01:27
2422,346,5839.37,2025-09-10 12:01:27
2423,347,5461.53,2025-09-04 12:01:27
2424,347,5592.64,2025-09-05 12:01:27
2425,347,5438.64,2025-09-06 12:01:27
2426,347,5419.28,2025-09-07 12:01:27
2427,347,5314.40,2025-09-08 12:01:27
2428,347,5226.66,2025-09-09 12:01:27
2429,347,5186.90,2025-09-10 12:01:27
2430,348,5986.99,2025-09-04 12:01:27
2431,348,5828.72,2025-09-05 12:01:27
2432,348,5664.18,2025-09-06 12:01:27
2433,348,5599.07,2025-09-07 12:01:27
2434,348,5597.23,2025-09-08 12:01:27
2435,348,5431.91,2025-09-09 12:01:27
2436,348,5567.53,2025-09-10 12:01:27
2437,349,879.19,2025-09-04 12:01:27
2438,349,871.96,2025-09-05 12:01:27
2439,349,885.53,2025-09-06 12:01:27
2440,349,910.25,2025-09-07 12:01:27
2441,349,920.19,2025-09-08 12:01:27
2442,349,932.09,2025-09-09 12:01:27
2443,349,949.67,2025-09-10 12:01:27
2444,350,948.12,2025-09-04 12:01:27
2445,350,976.55,2025-09-05 12:01:27
2446,350,964.69,2025-09-06 12:01:27
2447,350,976.51,2025-09-07 12:01:27
2448,350,985.49,2025-09-08 12:01:27
2449,350,992.74,2025-09-09 12:01:27
2450,350,986.25,2025-09-10 12:01:27
2451,351,880.22,2025-09-04 12:01:27
2452,351,882.75,2025-09-05 12:01:27
2453,351,866.85,2025-09-06 12:01:27
2454,351,860.09,2025-09-07 12:01:27
2455,351,845.12,2025-09-08 12:01:27
2456,351,827.89,2025-09-09 12:01:27
2457,351,835.92,2025-09-10 12:01:27
2458,352,1546.16,2025-09-04 12:01:27
2459,352,1520.60,2025-09-05 12:01:27
2460,352,1485.71,2025-09-06 12:01:27
2461,352,1498.62,2025-09-07 12:01:27
2462,352,1504.29,2025-09-08 12:01:27
2463,352,1505.43,2025-09-09 12:01:27
2464,352,1478.66,2025-09-10 12:01:27
2465,353,1481.34,2025-09-04 12:01:27
2466,353,1449.23,2025-09-05 12:01:27
2467,353,1437.46,2025-09-06 12:01:27
2468,353,1442.01,2025-09-07 12:01:27
2469,353,1427.00,2025-09-08 12:01:27
2470,353,1438.65,2025-09-09 12:01:27
2471,353,1446.36,2025-09-10 12:01:27
2472,354,1379.42,2025-09-04 12:01:27
2473,354,1361.50,2025-09-05 12:01:27
2474,354,1379.27,2025-09-06 12:01:27
2475,354,1395.99,2025-09-07 12:01:27
2476,354,1402.49,2025-09-08 12:01:27
2477,354,1422.37,2025-09-09 12:01:27
2478,354,1461.28,2025-09-10 12:01:27
2479,355,860.19,2025-09-04 12:01:27
2480,355,857.55,2025-09-05 12:01:27
2481,355,873.03,2025-09-06 12:01:27
2482,355,861.41,2025-09-07 12:01:27
2483,355,887.13,2025-09-08 12:01:27
2484,355,882.46,2025-09-09 12:01:27
2485,355,863.70,2025-09-10 12:01:27
2486,356,798.48,2025-09-04 12:01:27
2487,356,781.81,2025-09-05 12:01:27
2488,356,797.94,2025-09-06 12:01:27
2489,356,786.73,2025-09-07 12:01:27
2490,356,799.74,2025-09-08 12:01:27
2491,356,790.37,2025-09-09 12:01:27
2492,356,812.97,2025-09-10 12:01:27
2493,357,842.37,2025-09-04 12:01:27
2494,357,821.97,2025-09-05 12:01:27
2495,357,803.44,2025-09-06 12:01:27
2496,357,824.69,2025-09-07 12:01:27
2497,357,809.69,2025-09-08 12:01:27
2498,357,793.81,2025-09-09 12:01:27
2499,357,806.69,2025-09-10 12:01:27
2500,358,5613.75,2025-09-04 12:01:27
2501,358,5780.98,2025-09-05 12:01:27
2502,358,5684.20,2025-09-06 12:01:27
2503,358,5566.57,2025-09-07 12:01:27
2504,358,5560.19,2025-09-08 12:01:27
2505,358,5568.22,2025-09-09 12:01:27
2506,358,5734.44,2025-09-10 12:01:27
2507,359,6493.95,2025-09-04 12:01:27
2508,359,6557.15,2025-09-05 12:01:27
2509,359,6476.50,2025-09-06 12:01:27
2510,359,6503.69,2025-09-07 12:01:27
2511,359,6516.72,2025-09-08 12:01:27
2512,359,6511.72,2025-09-09 12:01:27
2513,359,6673.10,2025-09-10 12:01:27
2514,360,6325.34,2025-09-04 12:01:27
2515,360,6472.40,2025-09-05 12:01:27
2516,360,6585.26,2025-09-06 12:01:27
2517,360,6523.52,2025-09-07 12:01:27
2518,360,6713.36,2025-09-08 12:01:27
2519,360,6807.03,2025-09-09 12:01:27
2520,360,6779.48,2025-09-10 12:01:27
2521,361,3818.29,2025-09-04 12:01:27
2522,361,3861.72,2025-09-05 12:01:27
2523,361,3916.39,2025-09-06 12:01:27
2524,361,3935.09,2025-09-07 12:01:27
2525,361,3833.10,2025-09-08 12:01:27
2526,361,3734.22,2025-09-09 12:01:27
2527,361,3805.14,2025-09-10 12:01:27
2528,362,3860.64,2025-09-04 12:01:27
2529,362,3924.03,2025-09-05 12:01:27
2530,362,3836.59,2025-09-06 12:01:27
2531,362,3933.67,2025-09-07 12:01:27
2532,362,3927.49,2025-09-08 12:01:27
2533,362,3814.78,2025-09-09 12:01:27
2534,362,3803.79,2025-09-10 12:01:27
2535,363,3975.56,2025-09-04 12:01:27
2536,363,4014.97,2025-09-05 12:01:27
2537,363,3951.83,2025-09-06 12:01:27
2538,363,4049.38,2025-09-07 12:01:27
2539,363,4111.73,2025-09-08 12:01:27
2540,363,4077.29,2025-09-09 12:01:27
2541,363,4068.52,2025-09-10 12:01:27
2542,364,3065.60,2025-09-04 12:01:27
2543,364,3152.67,2025-09-05 12:01:27
2544,364,3239.54,2025-09-06 12:01:27
2545,364,3275.31,2025-09-07 12:01:27
2546,364,3319.37,2025-09-08 12:01:27
2547,364,3363.04,2025-09-09 12:01:27
2548,364,3429.96,2025-09-10 12:01:27
2549,365,2919.67,2025-09-04 12:01:27
2550,365,2978.64,2025-09-05 12:01:27
2551,365,3009.34,2025-09-06 12:01:27
2552,365,3013.94,2025-09-07 12:01:27
2553,365,3009.31,2025-09-08 12:01:27
2554,365,2919.88,2025-09-09 12:01:27
2555,365,2852.33,2025-09-10 12:01:27
2556,366,3270.05,2025-09-04 12:01:27
2557,366,3213.40,2025-09-05 12:01:27
2558,366,3278.85,2025-09-06 12:01:27
2559,366,3360.08,2025-09-07 12:01:27
2560,366,3371.21,2025-09-08 12:01:27
2561,366,3447.55,2025-09-09 12:01:27
2562,366,3373.03,2025-09-10 12:01:27
2563,367,8165.05,2025-09-04 12:01:27
2564,367,8113.50,2025-09-05 12:01:27
2565,367,7999.43,2025-09-06 12:01:27
2566,367,7816.86,2025-09-07 12:01:27
2567,367,8043.78,2025-09-08 12:01:27
2568,367,8265.42,2025-09-09 12:01:27
2569,367,8175.37,2025-09-10 12:01:27
2570,368,8636.76,2025-09-04 12:01:27
2571,368,8592.28,2025-09-05 12:01:27
2572,368,8612.89,2025-09-06 12:01:27
2573,368,8731.74,2025-09-07 12:01:27
2574,368,8688.77,2025-09-08 12:01:27
2575,368,8652.48,2025-09-09 12:01:27
2576,368,8645.29,2025-09-10 12:01:27
2577,369,8291.26,2025-09-04 12:01:27
2578,369,8239.39,2025-09-05 12:01:27
2579,369,8266.79,2025-09-06 12:01:27
2580,369,8086.13,2025-09-07 12:01:27
2581,369,8275.56,2025-09-08 12:01:27
2582,369,8431.60,2025-09-09 12:01:27
2583,369,8232.92,2025-09-10 12:01:27
2584,370,8159.93,2025-09-04 12:01:27
2585,370,7925.96,2025-09-05 12:01:27
2586,370,7822.88,2025-09-06 12:01:27
2587,370,7690.11,2025-09-07 12:01:27
2588,370,7609.74,2025-09-08 12:01:27
2589,370,7497.39,2025-09-09 12:01:27
2590,370,7694.80,2025-09-10 12:01:27
2591,371,7166.67,2025-09-04 12:01:27
2592,371,7367.22,2025-09-05 12:01:27
2593,371,7213.73,2025-09-06 12:01:27
2594,371,7139.49,2025-09-07 12:01:27
2595,371,7073.40,2025-09-08 12:01:27
2596,371,7124.51,2025-09-09 12:01:27
2597,371,7205.93,2025-09-10 12:01:27
2598,372,8442.72,2025-09-04 12:01:27
2599,372,8197.26,2025-09-05 12:01:27
2600,372,8046.62,2025-09-06 12:01:27
2601,372,8182.32,2025-09-07 12:01:27
2602,372,8233.23,2025-09-08 12:01:27
2603,372,8112.81,2025-09-09 12:01:27
2604,372,8131.03,2025-09-10 12:01:27
2605,373,961.51,2025-09-04 12:01:27
2606,373,941.67,2025-09-05 12:01:27
2607,373,968.13,2025-09-06 12:01:27
2608,373,948.92,2025-09-07 12:01:27
2609,373,920.94,2025-09-08 12:01:27
2610,373,907.82,2025-09-09 12:01:27
2611,373,913.70,2025-09-10 12:01:27
2612,374,1085.22,2025-09-04 12:01:27
2613,374,1098.70,2025-09-05 12:01:27
2614,374,1093.79,2025-09-06 12:01:27
2615,374,1087.10,2025-09-07 12:01:27
2616,374,1084.89,2025-09-08 12:01:27
2617,374,1104.52,2025-09-09 12:01:27
2618,374,1110.36,2025-09-10 12:01:27
2619,375,1069.52,2025-09-04 12:01:27
2620,375,1089.48,2025-09-05 12:01:27
2621,375,1076.06,2025-09-06 12:01:27
2622,375,1057.49,2025-09-07 12:01:27
2623,375,1036.77,2025-09-08 12:01:27
2624,375,1067.09,2025-09-09 12:01:27
2625,375,1096.98,2025-09-10 12:01:27
2626,376,2577.34,2025-09-04 12:01:27
2627,376,2553.90,2025-09-05 12:01:27
2628,376,2615.59,2025-09-06 12:01:27
2629,376,2684.71,2025-09-07 12:01:27
2630,376,2692.04,2025-09-08 12:01:27
2631,376,2763.50,2025-09-09 12:01:27
2632,376,2802.49,2025-09-10 12:01:27
2633,377,2604.71,2025-09-04 12:01:27
2634,377,2680.68,2025-09-05 12:01:27
2635,377,2754.19,2025-09-06 12:01:27
2636,377,2809.49,2025-09-07 12:01:27
2637,377,2813.21,2025-09-08 12:01:27
2638,377,2763.05,2025-09-09 12:01:27
2639,377,2809.59,2025-09-10 12:01:27
2640,378,2506.43,2025-09-04 12:01:27
2641,378,2579.05,2025-09-05 12:01:27
2642,378,2594.10,2025-09-06 12:01:27
2643,378,2586.70,2025-09-07 12:01:27
2644,378,2645.11,2025-09-08 12:01:27
2645,378,2566.08,2025-09-09 12:01:27
2646,378,2515.23,2025-09-10 12:01:27
2647,379,1539.23,2025-09-04 12:01:27
2648,379,1543.29,2025-09-05 12:01:27
2649,379,1562.21,2025-09-06 12:01:27
2650,379,1557.22,2025-09-07 12:01:27
2651,379,1521.20,2025-09-08 12:01:27
2652,379,1547.83,2025-09-09 12:01:27
2653,379,1503.47,2025-09-10 12:01:27
2654,380,1467.94,2025-09-04 12:01:27
2655,380,1434.37,2025-09-05 12:01:27
2656,380,1441.96,2025-09-06 12:01:27
2657,380,1453.52,2025-09-07 12:01:27
2658,380,1459.87,2025-09-08 12:01:27
2659,380,1487.96,2025-09-09 12:01:27
2660,380,1478.56,2025-09-10 12:01:27
2661,381,1609.22,2025-09-04 12:01:27
2662,381,1613.63,2025-09-05 12:01:27
2663,381,1616.03,2025-09-06 12:01:27
2664,381,1662.08,2025-09-07 12:01:27
2665,381,1706.95,2025-09-08 12:01:27
2666,381,1675.24,2025-09-09 12:01:27
2667,381,1687.59,2025-09-10 12:01:27
2668,382,3790.97,2025-09-04 12:01:27
2669,382,3821.58,2025-09-05 12:01:27
2670,382,3908.15,2025-09-06 12:01:27
2671,382,3823.60,2025-09-07 12:01:27
2672,382,3825.85,2025-09-08 12:01:27
2673,382,3787.17,2025-09-09 12:01:27
2674,382,3768.98,2025-09-10 12:01:27
2675,383,4436.13,2025-09-04 12:01:27
2676,383,4490.38,2025-09-05 12:01:27
2677,383,4495.95,2025-09-06 12:01:27
2678,383,4585.09,2025-09-07 12:01:27
2679,383,4610.75,2025-09-08 12:01:27
2680,383,4710.06,2025-09-09 12:01:27
2681,383,4673.11,2025-09-10 12:01:27
2682,384,4580.72,2025-09-04 12:01:27
2683,384,4522.89,2025-09-05 12:01:27
2684,384,4650.29,2025-09-06 12:01:27
2685,384,4696.95,2025-09-07 12:01:27
2686,384,4616.60,2025-09-08 12:01:27
2687,384,4554.77,2025-09-09 12:01:27
2688,384,4656.33,2025-09-10 12:01:27
2689,385,1247.19,2025-09-04 12:01:27
2690,385,1216.10,2025-09-05 12:01:27
2691,385,1182.83,2025-09-06 12:01:27
2692,385,1153.50,2025-09-07 12:01:27
2693,385,1123.95,2025-09-08 12:01:27
2694,385,1152.32,2025-09-09 12:01:27
2695,385,1126.89,2025-09-10 12:01:27
2696,386,1325.10,2025-09-04 12:01:27
2697,386,1332.51,2025-09-05 12:01:27
2698,386,1351.50,2025-09-06 12:01:27
2699,386,1333.29,2025-09-07 12:01:27
2700,386,1317.58,2025-09-08 12:01:27
2701,386,1280.62,2025-09-09 12:01:27
2702,386,1316.49,2025-09-10 12:01:27
2703,387,1300.46,2025-09-04 12:01:27
2704,387,1322.55,2025-09-05 12:01:27
2705,387,1328.46,2025-09-06 12:01:27
2706,387,1316.63,2025-09-07 12:01:27
2707,387,1347.42,2025-09-08 12:01:27
2708,387,1315.62,2025-09-09 12:01:27
2709,387,1297.12,2025-09-10 12:01:27
2710,388,4740.07,2025-09-04 12:01:27
2711,388,4681.36,2025-09-05 12:01:27
2712,388,4585.39,2025-09-06 12:01:27
2713,388,4684.49,2025-09-07 12:01:27
2714,388,4650.22,2025-09-08 12:01:27
2715,388,4620.05,2025-09-09 12:01:27
2716,388,4538.48,2025-09-10 12:01:27
2717,389,4713.23,2025-09-04 12:01:27
2718,389,4766.21,2025-09-05 12:01:27
2719,389,4684.77,2025-09-06 12:01:27
2720,389,4759.03,2025-09-07 12:01:27
2721,389,4880.03,2025-09-08 12:01:27
2722,389,4829.19,2025-09-09 12:01:27
2723,389,4781.83,2025-09-10 12:01:27
2724,390,4509.90,2025-09-04 12:01:27
2725,390,4455.76,2025-09-05 12:01:27
2726,390,4476.93,2025-09-06 12:01:27
2727,390,4576.06,2025-09-07 12:01:27
2728,390,4575.87,2025-09-08 12:01:27
2729,390,4562.47,2025-09-09 12:01:27
2730,390,4683.28,2025-09-10 12:01:27
2731,391,8744.96,2025-09-04 12:01:27
2732,391,8590.36,2025-09-05 12:01:27
2733,391,8787.42,2025-09-06 12:01:27
2734,391,8961.19,2025-09-07 12:01:27
2735,391,9215.36,2025-09-08 12:01:27
2736,391,9202.00,2025-09-09 12:01:27
2737,391,9334.03,2025-09-10 12:01:27
2738,392,8938.27,2025-09-04 12:01:27
2739,392,9181.29,2025-09-05 12:01:27
2740,392,9105.38,2025-09-06 12:01:27
2741,392,9039.34,2025-09-07 12:01:27
2742,392,9198.72,2025-09-08 12:01:27
2743,392,9177.93,2025-09-09 12:01:27
2744,392,9273.91,2025-09-10 12:01:27
2745,393,8239.81,2025-09-04 12:01:27
2746,393,8224.15,2025-09-05 12:01:27
2747,393,8439.12,2025-09-06 12:01:27
2748,393,8533.11,2025-09-07 12:01:27
2749,393,8610.19,2025-09-08 12:01:27
2750,393,8854.96,2025-09-09 12:01:27
2751,393,8833.34,2025-09-10 12:01:27
2752,394,8505.75,2025-09-04 12:01:27
2753,394,8358.07,2025-09-05 12:01:27
2754,394,8551.05,2025-09-06 12:01:27
2755,394,8533.98,2025-09-07 12:01:27
2756,394,8472.80,2025-09-08 12:01:27
2757,394,8639.40,2025-09-09 12:01:27
2758,394,8755.30,2025-09-10 12:01:27
2759,395,8149.46,2025-09-04 12:01:27
2760,395,7964.85,2025-09-05 12:01:27
2761,395,7779.78,2025-09-06 12:01:27
2762,395,7928.47,2025-09-07 12:01:27
2763,395,7971.07,2025-09-08 12:01:27
2764,395,7937.70,2025-09-09 12:01:27
2765,395,7701.41,2025-09-10 12:01:27
2766,396,7703.10,2025-09-04 12:01:27
2767,396,7864.51,2025-09-05 12:01:27
2768,396,8062.88,2025-09-06 12:01:27
2769,396,8108.41,2025-09-07 12:01:27
2770,396,8218.00,2025-09-08 12:01:27
2771,396,8115.25,2025-09-09 12:01:27
2772,396,8151.07,2025-09-10 12:01:27
2773,397,3656.60,2025-09-04 12:01:27
2774,397,3711.49,2025-09-05 12:01:27
2775,397,3655.61,2025-09-06 12:01:27
2776,397,3754.91,2025-09-07 12:01:27
2777,397,3653.77,2025-09-08 12:01:27
2778,397,3577.45,2025-09-09 12:01:27
2779,397,3595.00,2025-09-10 12:01:27
2780,398,3724.53,2025-09-04 12:01:27
2781,398,3718.18,2025-09-05 12:01:27
2782,398,3621.78,2025-09-06 12:01:27
2783,398,3538.32,2025-09-07 12:01:27
2784,398,3486.12,2025-09-08 12:01:27
2785,398,3394.69,2025-09-09 12:01:27
2786,398,3332.47,2025-09-10 12:01:27
2787,399,3581.65,2025-09-04 12:01:27
2788,399,3638.62,2025-09-05 12:01:27
2789,399,3678.30,2025-09-06 12:01:27
2790,399,3669.82,2025-09-07 12:01:27
2791,399,3632.88,2025-09-08 12:01:27
2792,399,3650.88,2025-09-09 12:01:27
2793,399,3570.67,2025-09-10 12:01:27
2794,400,5118.06,2025-09-04 12:01:27
2795,400,5263.55,2025-09-05 12:01:27
2796,400,5204.95,2025-09-06 12:01:27
2797,400,5173.18,2025-09-07 12:01:27
2798,400,5268.55,2025-09-08 12:01:27
2799,400,5426.42,2025-09-09 12:01:27
2800,400,5481.29,2025-09-10 12:01:27
2801,401,4575.38,2025-09-04 12:01:27
2802,401,4623.08,2025-09-05 12:01:27
2803,401,4498.18,2025-09-06 12:01:27
2804,401,4363.72,2025-09-07 12:01:27
2805,401,4446.38,2025-09-08 12:01:27
2806,401,4361.20,2025-09-09 12:01:27
2807,401,4322.30,2025-09-10 12:01:27
2808,402,4703.36,2025-09-04 12:01:27
2809,402,4781.05,2025-09-05 12:01:27
2810,402,4674.27,2025-09-06 12:01:27
2811,402,4809.26,2025-09-07 12:01:27
2812,402,4799.92,2025-09-08 12:01:27
2813,402,4906.51,2025-09-09 12:01:27
2814,402,4918.43,2025-09-10 12:01:27
2815,403,1189.76,2025-09-04 12:01:27
2816,403,1205.35,2025-09-05 12:01:27
2817,403,1176.90,2025-09-06 12:01:27
2818,403,1192.64,2025-09-07 12:01:27
2819,403,1171.55,2025-09-08 12:01:27
2820,403,1161.44,2025-09-09 12:01:27
2821,403,1196.09,2025-09-10 12:01:27
2822,404,1347.26,2025-09-04 12:01:27
2823,404,1358.14,2025-09-05 12:01:27
2824,404,1340.98,2025-09-06 12:01:27
2825,404,1376.09,2025-09-07 12:01:27
2826,404,1409.29,2025-09-08 12:01:27
2827,404,1447.36,2025-09-09 12:01:27
2828,404,1437.54,2025-09-10 12:01:27
2829,405,1163.19,2025-09-04 12:01:27
2830,405,1167.17,2025-09-05 12:01:27
2831,405,1155.06,2025-09-06 12:01:27
2832,405,1137.90,2025-09-07 12:01:27
2833,405,1155.72,2025-09-08 12:01:27
2834,405,1135.91,2025-09-09 12:01:27
2835,405,1122.84,2025-09-10 12:01:27
2836,406,4069.64,2025-09-04 12:01:27
2837,406,4170.90,2025-09-05 12:01:27
2838,406,4078.62,2025-09-06 12:01:27
2839,406,4040.04,2025-09-07 12:01:27
2840,406,4159.09,2025-09-08 12:01:27
2841,406,4128.52,2025-09-09 12:01:27
2842,406,4191.28,2025-09-10 12:01:27
2843,407,3914.00,2025-09-04 12:01:27
2844,407,4013.26,2025-09-05 12:01:27
2845,407,4055.75,2025-09-06 12:01:27
2846,407,4000.58,2025-09-07 12:01:27
2847,407,4032.51,2025-09-08 12:01:27
2848,407,4141.40,2025-09-09 12:01:27
2849,407,4111.30,2025-09-10 12:01:27
2850,408,4379.17,2025-09-04 12:01:27
2851,408,4439.07,2025-09-05 12:01:27
2852,408,4501.70,2025-09-06 12:01:27
2853,408,4598.35,2025-09-07 12:01:27
2854,408,4626.30,2025-09-08 12:01:27
2855,408,4649.79,2025-09-09 12:01:27
2856,408,4677.57,2025-09-10 12:01:27
2857,409,5838.60,2025-09-04 12:01:27
2858,409,5797.26,2025-09-05 12:01:27
2859,409,5646.76,2025-09-06 12:01:27
2860,409,5792.59,2025-09-07 12:01:27
2861,409,5664.00,2025-09-08 12:01:27
2862,409,5801.67,2025-09-09 12:01:27
2863,409,5675.77,2025-09-10 12:01:27
2864,410,5500.35,2025-09-04 12:01:27
2865,410,5432.70,2025-09-05 12:01:27
2866,410,5500.66,2025-09-06 12:01:27
2867,410,5492.67,2025-09-07 12:01:27
2868,410,5452.36,2025-09-08 12:01:27
2869,410,5524.35,2025-09-09 12:01:27
2870,410,5551.39,2025-09-10 12:01:27
2871,411,5128.03,2025-09-04 12:01:27
2872,411,5072.59,2025-09-05 12:01:27
2873,411,4959.70,2025-09-06 12:01:27
2874,411,4944.37,2025-09-07 12:01:27
2875,411,4853.72,2025-09-08 12:01:27
2876,411,4860.26,2025-09-09 12:01:27
2877,411,4866.26,2025-09-10 12:01:27
2878,412,6476.12,2025-09-04 12:01:27
2879,412,6655.84,2025-09-05 12:01:27
2880,412,6646.92,2025-09-06 12:01:27
2881,412,6590.77,2025-09-07 12:01:27
2882,412,6458.54,2025-09-08 12:01:27
2883,412,6340.63,2025-09-09 12:01:27
2884,412,6460.09,2025-09-10 12:01:27
2885,413,6399.72,2025-09-04 12:01:27
2886,413,6221.72,2025-09-05 12:01:27
2887,413,6185.07,2025-09-06 12:01:27
2888,413,6308.22,2025-09-07 12:01:27
2889,413,6261.82,2025-09-08 12:01:27
2890,413,6378.44,2025-09-09 12:01:27
2891,413,6272.08,2025-09-10 12:01:27
2892,414,6398.49,2025-09-04 12:01:27
2893,414,6582.45,2025-09-05 12:01:27
2894,414,6443.40,2025-09-06 12:01:27
2895,414,6624.09,2025-09-07 12:01:27
2896,414,6679.87,2025-09-08 12:01:27
2897,414,6800.42,2025-09-09 12:01:27
2898,414,6742.78,2025-09-10 12:01:27
2899,415,1241.34,2025-09-04 12:01:27
2900,415,1230.57,2025-09-05 12:01:27
2901,415,1229.01,2025-09-06 12:01:27
2902,415,1196.60,2025-09-07 12:01:27
2903,415,1180.06,2025-09-08 12:01:27
2904,415,1191.36,2025-09-09 12:01:27
2905,415,1214.56,2025-09-10 12:01:27
2906,416,1304.14,2025-09-04 12:01:27
2907,416,1319.23,2025-09-05 12:01:27
2908,416,1302.45,2025-09-06 12:01:27
2909,416,1270.20,2025-09-07 12:01:27
2910,416,1266.86,2025-09-08 12:01:27
2911,416,1261.88,2025-09-09 12:01:27
2912,416,1270.67,2025-09-10 12:01:27
2913,417,1354.20,2025-09-04 12:01:27
2914,417,1325.72,2025-09-05 12:01:27
2915,417,1315.20,2025-09-06 12:01:27
2916,417,1296.54,2025-09-07 12:01:27
2917,417,1333.93,2025-09-08 12:01:27
2918,417,1327.72,2025-09-09 12:01:27
2919,417,1359.70,2025-09-10 12:01:27
2920,418,7502.86,2025-09-04 12:01:27
2921,418,7619.92,2025-09-05 12:01:27
2922,418,7682.39,2025-09-06 12:01:27
2923,418,7660.69,2025-09-07 12:01:27
2924,418,7642.07,2025-09-08 12:01:27
2925,418,7698.86,2025-09-09 12:01:27
2926,418,7850.87,2025-09-10 12:01:27
2927,419,8032.39,2025-09-04 12:01:27
2928,419,7927.82,2025-09-05 12:01:27
2929,419,8087.69,2025-09-06 12:01:27
2930,419,8267.40,2025-09-07 12:01:27
2931,419,8066.89,2025-09-08 12:01:27
2932,419,8137.32,2025-09-09 12:01:27
2933,419,8319.88,2025-09-10 12:01:27
2934,420,8353.54,2025-09-04 12:01:27
2935,420,8535.63,2025-09-05 12:01:27
2936,420,8566.28,2025-09-06 12:01:27
2937,420,8710.43,2025-09-07 12:01:27
2938,420,8689.74,2025-09-08 12:01:27
2939,420,8665.80,2025-09-09 12:01:27
2940,420,8688.70,2025-09-10 12:01:27
2941,421,6099.52,2025-09-04 12:01:27
2942,421,6147.12,2025-09-05 12:01:27
2943,421,6125.80,2025-09-06 12:01:27
2944,421,6110.37,2025-09-07 12:01:27
2945,421,6070.15,2025-09-08 12:01:27
2946,421,5890.54,2025-09-09 12:01:27
2947,421,5810.81,2025-09-10 12:01:27
2948,422,5740.26,2025-09-04 12:01:27
2949,422,5801.98,2025-09-05 12:01:27
2950,422,5795.15,2025-09-06 12:01:27
2951,422,5881.55,2025-09-07 12:01:27
2952,422,5910.89,2025-09-08 12:01:27
2953,422,5985.75,2025-09-09 12:01:27
2954,422,5913.94,2025-09-10 12:01:27
2955,423,5895.34,2025-09-04 12:01:27
2956,423,5967.00,2025-09-05 12:01:27
2957,423,6106.48,2025-09-06 12:01:27
2958,423,6176.24,2025-09-07 12:01:27
2959,423,6220.87,2025-09-08 12:01:27
2960,423,6284.04,2025-09-09 12:01:27
2961,423,6141.49,2025-09-10 12:01:27
2962,424,9164.74,2025-09-04 12:01:27
2963,424,9245.70,2025-09-05 12:01:27
2964,424,9193.87,2025-09-06 12:01:27
2965,424,8931.79,2025-09-07 12:01:27
2966,424,9033.72,2025-09-08 12:01:27
2967,424,9204.56,2025-09-09 12:01:27
2968,424,9449.63,2025-09-10 12:01:27
2969,425,8569.62,2025-09-04 12:01:27
2970,425,8695.07,2025-09-05 12:01:27
2971,425,8783.67,2025-09-06 12:01:27
2972,425,8717.91,2025-09-07 12:01:27
2973,425,8644.82,2025-09-08 12:01:27
2974,425,8605.42,2025-09-09 12:01:27
2975,425,8382.38,2025-09-10 12:01:27
2976,426,9260.53,2025-09-04 12:01:27
2977,426,9404.58,2025-09-05 12:01:27
2978,426,9149.90,2025-09-06 12:01:27
2979,426,8878.81,2025-09-07 12:01:27
2980,426,8615.30,2025-09-08 12:01:27
2981,426,8827.37,2025-09-09 12:01:27
2982,426,8625.39,2025-09-10 12:01:27
2983,427,2929.60,2025-09-04 12:01:27
2984,427,2978.37,2025-09-05 12:01:27
2985,427,2907.70,2025-09-06 12:01:27
2986,427,2985.43,2025-09-07 12:01:27
2987,427,3060.16,2025-09-08 12:01:27
2988,427,3140.95,2025-09-09 12:01:27
2989,427,3133.45,2025-09-10 12:01:27
2990,428,2871.72,2025-09-04 12:01:27
2991,428,2789.15,2025-09-05 12:01:27
2992,428,2808.43,2025-09-06 12:01:27
2993,428,2865.86,2025-09-07 12:01:27
2994,428,2828.20,2025-09-08 12:01:27
2995,428,2780.68,2025-09-09 12:01:27
2996,428,2819.12,2025-09-10 12:01:27
2997,429,2651.44,2025-09-04 12:01:27
2998,429,2612.58,2025-09-05 12:01:27
2999,429,2562.28,2025-09-06 12:01:27
3000,429,2569.56,2025-09-07 12:01:27
3001,429,2522.18,2025-09-08 12:01:27
3002,429,2531.44,2025-09-09 12:01:27
3003,429,2529.89,2025-09-10 12:01:27
3004,430,3081.45,2025-09-04 12:01:27
3005,430,3149.13,2025-09-05 12:01:27
3006,430,3116.65,2025-09-06 12:01:27
3007,430,3084.53,2025-09-07 12:01:27
3008,430,2995.74,2025-09-08 12:01:27
3009,430,2934.28,2025-09-09 12:01:27
3010,430,2988.50,2025-09-10 12:01:27
3011,431,3050.87,2025-09-04 12:01:27
3012,431,3137.75,2025-09-05 12:01:27
3013,431,3177.02,2025-09-06 12:01:27
3014,431,3192.49,2025-09-07 12:01:27
3015,431,3110.44,2025-09-08 12:01:27
3016,431,3164.38,2025-09-09 12:01:27
3017,431,3211.14,2025-09-10 12:01:27
3018,432,3049.50,2025-09-04 12:01:27
3019,432,3059.12,2025-09-05 12:01:27
3020,432,2985.94,2025-09-06 12:01:27
3021,432,2971.92,2025-09-07 12:01:27
3022,432,3033.27,2025-09-08 12:01:27
3023,432,3092.50,2025-09-09 12:01:27
3024,432,3087.45,2025-09-10 12:01:27
3025,433,8313.15,2025-09-04 12:01:27
3026,433,8444.12,2025-09-05 12:01:27
3027,433,8491.59,2025-09-06 12:01:27
3028,433,8438.45,2025-09-07 12:01:27
3029,433,8667.54,2025-09-08 12:01:27
3030,433,8710.00,2025-09-09 12:01:27
3031,433,8522.71,2025-09-10 12:01:27
3032,434,8121.51,2025-09-04 12:01:27
3033,434,8173.64,2025-09-05 12:01:27
3034,434,7939.66,2025-09-06 12:01:27
3035,434,8037.23,2025-09-07 12:01:27
3036,434,8077.40,2025-09-08 12:01:27
3037,434,8072.43,2025-09-09 12:01:27
3038,434,8152.33,2025-09-10 12:01:27
3039,435,7031.04,2025-09-04 12:01:27
3040,435,7106.86,2025-09-05 12:01:27
3041,435,7218.36,2025-09-06 12:01:27
3042,435,7017.21,2025-09-07 12:01:27
3043,435,7221.17,2025-09-08 12:01:27
3044,435,7400.06,2025-09-09 12:01:27
3045,435,7535.57,2025-09-10 12:01:27
3046,436,3618.71,2025-09-04 12:01:27
3047,436,3533.02,2025-09-05 12:01:27
3048,436,3439.16,2025-09-06 12:01:27
3049,436,3496.13,2025-09-07 12:01:27
3050,436,3391.99,2025-09-08 12:01:27
3051,436,3382.91,2025-09-09 12:01:27
3052,436,3476.69,2025-09-10 12:01:27
3053,437,3347.50,2025-09-04 12:01:27
3054,437,3268.25,2025-09-05 12:01:27
3055,437,3280.69,2025-09-06 12:01:27
3056,437,3188.25,2025-09-07 12:01:27
3057,437,3129.67,2025-09-08 12:01:27
3058,437,3205.27,2025-09-09 12:01:27
3059,437,3251.25,2025-09-10 12:01:27
3060,438,3356.96,2025-09-04 12:01:27
3061,438,3350.69,2025-09-05 12:01:27
3062,438,3252.71,2025-09-06 12:01:27
3063,438,3174.50,2025-09-07 12:01:27
3064,438,3129.68,2025-09-08 12:01:27
3065,438,3066.02,2025-09-09 12:01:27
3066,438,3071.82,2025-09-10 12:01:27
3067,439,5226.43,2025-09-04 12:01:27
3068,439,5148.14,2025-09-05 12:01:27
3069,439,5273.15,2025-09-06 12:01:27
3070,439,5302.18,2025-09-07 12:01:27
3071,439,5202.64,2025-09-08 12:01:27
3072,439,5258.13,2025-09-09 12:01:27
3073,439,5165.58,2025-09-10 12:01:27
3074,440,5394.53,2025-09-04 12:01:27
3075,440,5536.05,2025-09-05 12:01:27
3076,440,5567.08,2025-09-06 12:01:27
3077,440,5633.70,2025-09-07 12:01:27
3078,440,5483.40,2025-09-08 12:01:27
3079,440,5605.66,2025-09-09 12:01:27
3080,440,5451.64,2025-09-10 12:01:27
3081,441,4980.17,2025-09-04 12:01:27
3082,441,4928.60,2025-09-05 12:01:27
3083,441,5036.42,2025-09-06 12:01:27
3084,441,4922.01,2025-09-07 12:01:27
3085,441,4962.58,2025-09-08 12:01:27
3086,441,5005.11,2025-09-09 12:01:27
3087,441,4990.83,2025-09-10 12:01:27
3088,442,4791.27,2025-09-04 12:01:27
3089,442,4823.63,2025-09-05 12:01:27
3090,442,4914.27,2025-09-06 12:01:27
3091,442,4819.43,2025-09-07 12:01:27
3092,442,4864.64,2025-09-08 12:01:27
3093,442,4886.78,2025-09-09 12:01:27
3094,442,4795.25,2025-09-10 12:01:27
3095,443,4870.64,2025-09-04 12:01:27
3096,443,4990.78,2025-09-05 12:01:27
3097,443,5025.32,2025-09-06 12:01:27
3098,443,5060.49,2025-09-07 12:01:27
3099,443,5131.41,2025-09-08 12:01:27
3100,443,5018.62,2025-09-09 12:01:27
3101,443,5058.99,2025-09-10 12:01:27
3102,444,4715.69,2025-09-04 12:01:27
3103,444,4670.41,2025-09-05 12:01:27
3104,444,4547.83,2025-09-06 12:01:27
3105,444,4520.61,2025-09-07 12:01:27
3106,444,4402.45,2025-09-08 12:01:27
3107,444,4293.85,2025-09-09 12:01:27
3108,444,4302.32,2025-09-10 12:01:27
3109,445,8077.69,2025-09-04 12:01:27
3110,445,7845.57,2025-09-05 12:01:27
3111,445,7947.23,2025-09-06 12:01:27
3112,445,8077.75,2025-09-07 12:01:27
3113,445,7967.11,2025-09-08 12:01:27
3114,445,8059.52,2025-09-09 12:01:27
3115,445,7895.40,2025-09-10 12:01:27
3116,446,7815.30,2025-09-04 12:01:27
3117,446,8003.39,2025-09-05 12:01:27
3118,446,8068.38,2025-09-06 12:01:27
3119,446,8132.96,2025-09-07 12:01:27
3120,446,8246.03,2025-09-08 12:01:27
3121,446,8428.81,2025-09-09 12:01:27
3122,446,8549.55,2025-09-10 12:01:27
3123,447,7754.05,2025-09-04 12:01:27
3124,447,7538.65,2025-09-05 12:01:27
3125,447,7451.68,2025-09-06 12:01:27
3126,447,7590.52,2025-09-07 12:01:27
3127,447,7583.45,2025-09-08 12:01:27
3128,447,7628.45,2025-09-09 12:01:27
3129,447,7525.69,2025-09-10 12:01:27
3130,448,2825.66,2025-09-04 12:01:27
3131,448,2766.95,2025-09-05 12:01:27
3132,448,2792.37,2025-09-06 12:01:27
3133,448,2710.16,2025-09-07 12:01:27
3134,448,2700.17,2025-09-08 12:01:27
3135,448,2628.61,2025-09-09 12:01:27
3136,448,2608.58,2025-09-10 12:01:27
3137,449,2479.61,2025-09-04 12:01:27
3138,449,2428.55,2025-09-05 12:01:27
3139,449,2421.39,2025-09-06 12:01:27
3140,449,2439.75,2025-09-07 12:01:27
3141,449,2482.60,2025-09-08 12:01:27
3142,449,2412.07,2025-09-09 12:01:27
3143,449,2446.38,2025-09-10 12:01:27
3144,450,2616.67,2025-09-04 12:01:27
3145,450,2613.50,2025-09-05 12:01:27
3146,450,2640.23,2025-09-06 12:01:27
3147,450,2665.10,2025-09-07 12:01:27
3148,450,2725.21,2025-09-08 12:01:27
3149,450,2753.16,2025-09-09 12:01:27
3150,450,2742.15,2025-09-10 12:01:27
